filename,split,Tree,Shrub,Grass,Crop,Built-up,Barren,Water,hybrid_gemma3-4b,hybrid_qwen3-vl-8b,text_qwen3-4b,vision_gemma3-4b,vision_qwen3-vl-8b
N40E033_041_023.png,test,3,0,86,3,1,6,1,"The image depicts a landscape dominated by extensive grasslands (86%) interspersed with barren areas (6%) and a meandering river channel, alongside a small area of built-up development (1%). A minimal amount of tree cover (3%) and crop land (3%) is present, with a small amount of water (1%) visible within the river.","The scene depicts a predominantly grass-covered landscape with scattered, narrow strips of crop fields and a winding waterway, set against a backdrop of rugged, barren hillsides with minimal built-up areas.","The scene is predominantly grassland, covering 86% of the area, with minimal crop, built-up, and barren land uses. This suggests a large-scale natural or agricultural pasture with limited human development.","A river meanders through a rugged, mountainous landscape dominated by brown, arid terrain, with a small settlement and a dam visible along its banks. Sparse vegetation and a road suggest limited agricultural activity in the surrounding area.","A winding river cuts through a rugged, arid mountainous landscape, with sparse vegetation along its banks and a small settlement nestled in the valley floor."
N39E037_004_044.png,test,11,0,70,14,0,5,0,"The image depicts a landscape dominated by extensive grasslands (70%) interspersed with cultivated crops (14%) and scattered trees (11%). A meandering river channel and areas of barren land (5%) are visible throughout the terrain, suggesting a semi-arid environment with agricultural activity along the waterway.","The scene depicts a predominantly grass-covered landscape (70%) interspersed with patchy crop fields (14%) and scattered tree cover (11%), with barren areas (5%) forming irregular, dry-looking patches, suggesting a semi-arid or agricultural region with varied land use.","The scene is predominantly grassland, covering 70% of the area, with minor contributions from trees, crops, and barren land.","The image depicts a semi-arid landscape with extensive brown, sparsely vegetated plains interspersed with cultivated fields and a meandering river channel. Small settlements and scattered structures are located along the riverbank, indicating localized human activity.","A satellite view of a semi-arid landscape with patchy agricultural fields, scattered settlements, and a winding river cutting through rugged, hilly terrain."
N40E040_014_011.png,test,88,0,9,0,2,1,0,"The image depicts a mountainous region dominated by dense forest cover (88%), with scattered patches of grass (9%) interspersed around a network of roads and settlements (2%). A small, barren area is also visible, and the terrain shows evidence of fluvial erosion with a prominent river channel winding through the landscape.","The scene is dominated by dense tree cover across rolling hills, with scattered built-up areas—likely villages or small towns—nestled along winding roads and river valleys, and small patches of grass and barren land interspersed throughout.","The scene is predominantly forested, with tree cover accounting for 88% of the land use, indicating a dense woodland or forested area. Grass covers a small portion (9%), suggesting some understory or open patches, while built-up and barren areas are minimal.","Dense forest covers steep, mountainous terrain interspersed with settlements and a network of roads. A small, light-colored area appears to be an open field or disturbed ground near a river channel.","A mountainous region with dense green forests and scattered settlements along winding roads, featuring a prominent river valley and a large reservoir in the lower right."
N39E033_010_035.png,test,4,0,80,15,1,0,0,"The image depicts a landscape dominated by extensive grasslands (80%) interspersed with cultivated crops (15%) and a small area of built-up land (1%). A network of roads and trails cuts through the terrain, traversing areas of scattered trees (4%) and rugged, hilly terrain.","The scene is dominated by vast expanses of grassland (80%), interspersed with smaller patches of crop fields (15%) and a sparse built-up area (1%) along a winding road, with tree cover (4%) appearing as scattered, minor features.","The scene is predominantly grassland, with extensive open green areas covering 80% of the image, indicating a rural or natural landscape with minimal cultivated or built-up features.","The image depicts a semi-arid landscape with cultivated fields interspersed among rocky terrain and sparse vegetation, alongside a meandering river channel. A small settlement is located near the lower left corner, suggesting localized agricultural activity.","A semi-arid landscape with patchy vegetation, intersected by winding waterways and a prominent linear feature, likely a road or canal, running through agricultural or degraded land."
N40E039_020_019.png,test,44,0,55,0,0,1,0,"The image depicts a mountainous region dominated by extensive grasslands (55%) interspersed with a significant area of tree cover (44%), with a small proportion of barren land (1%). A river or stream winds through the landscape, carving a valley and contributing to the varied terrain.","The scene is dominated by grasslands (55%) interspersed with extensive tree cover (44%), forming a largely vegetated landscape with minimal barren areas (1%), suggesting a natural or lightly managed terrain.","The scene is predominantly grassland, with grass covering 55% of the area, making it the dominant land use. Trees are present at 44%, indicating a mix of natural vegetation, while barren areas are minimal at 1%.","The image depicts a mountainous region with extensive areas of dry, brown vegetation interspersed with patches of dense, green forest along a river valley. A lake is visible in the lower center, surrounded by a mix of forested and open land.","A rugged, mountainous terrain with patches of green vegetation and exposed brown earth, featuring a winding river or stream cutting through the landscape and a small settlement or industrial area near the water."
N37E028_028_024.png,test,95,1,3,1,0,0,0,"The image depicts a heavily forested mountainous region dominated by trees (95%), with small patches of exposed soil and sparse grass (3%) interspersed among the forest. A small area of cultivated crop (1%) is visible within the forested landscape, alongside numerous linear features likely representing drainage channels or roads.","The scene is dominated by dense tree cover (95%), forming a continuous forested landscape with scattered patches of shrub, grass, and crop fields, suggesting a rural or semi-rural area with limited agricultural development.","The scene is predominantly forested, with dense tree cover covering 95% of the area, indicating a mature woodland or forest ecosystem. Minimal shrub, grass, and crop coverage suggests limited human intervention or agricultural activity.","Dense forest covers a mountainous region interspersed with agricultural fields and patches of disturbed land. A meandering river flows through the valley, carving paths through the terrain.","A rural landscape with patchwork agriculture and scattered settlements nestled within a valley, bordered by dense forested hills and intersected by winding roads and waterways."
N37E042_011_016.png,test,3,0,81,13,0,3,0,"The image depicts a landscape dominated by grassland (81%) interspersed with cultivated crops (13%) and scattered barren areas (3%), with a small cluster of buildings and a road visible in the upper right corner. A network of winding channels and gullies cuts through the terrain, suggesting a semi-arid environment with potential for erosion.","The scene depicts a predominantly grass-covered landscape (81%) with scattered crop fields (13%) and sparse tree cover (3%), interspersed with barren, possibly eroded or dry, terrain (3%) along winding riverbeds and ridges.","The scene is predominantly covered by grass, indicating a large open pasture or natural grassland area, with minor contributions from crops and sparse tree and barren land.","The image depicts a rugged, arid landscape with extensive river channels and associated alluvial deposits, interspersed with a small settlement and a network of roads. The terrain appears to be dominated by dry, sparsely vegetated hills and valleys.","A rugged, arid landscape with a winding river carving through a canyon-like terrain, featuring sparse vegetation and scattered human settlements along the riverbanks."
N37E036_003_042.png,test,36,0,55,0,1,8,0,"The image depicts a mountainous region dominated by extensive grasslands (55%) interspersed with areas of scattered trees (36%) and some barren land (8%). A small, built-up area (1%) is visible along a winding road within the landscape.","The scene depicts a predominantly grass-covered landscape (55%) interspersed with extensive tree cover (36%), forming a patchwork across rolling terrain, with sparse, scattered built-up areas (1%) and barren patches (8%) indicating low human density and natural vegetation dominance.","The scene is predominantly grassland, with grass covering 55% of the area, indicating a natural, open landscape such as a meadow or pasture. Trees make up a smaller portion (36%), suggesting a mix of natural vegetation and some scattered woodland or riparian areas.","The image depicts a rugged, mountainous region with extensive areas of bare rock and sparse vegetation, interspersed with a narrow, winding road and a small settlement. Terraced agricultural fields are visible along the lower slopes, indicating human modification of the landscape.","A rugged, mountainous terrain with patchwork agricultural fields and scattered settlements nestled in valleys, interspersed with dense forested areas and winding roads."
N36E043_022_032.png,test,1,0,2,96,0,1,0,"The image depicts a landscape dominated by extensive agricultural fields (96%) primarily planted with crops, interspersed with small areas of grass (2%) and minimal barren land (1%). A settlement is visible in the upper left corner, and a small area of trees is present within the agricultural fields.","The scene is dominated by vast, geometrically patterned crop fields (96%), interspersed with small patches of grass and barren land, with a sparse tree cover and a small settlement visible in the upper right.","The scene is predominantly agricultural, with 96% coverage of crops, indicating a large-scale farming area. Minimal natural vegetation and barren land suggest limited natural or unused land.","The image depicts a landscape dominated by cultivated fields, primarily in shades of brown and green, interspersed with a small settlement and a ridge. A channel or waterway cuts through the agricultural area.","A patchwork of agricultural fields in varying shades of brown and green dominates the landscape, interspersed with a dark, winding river and a small cluster of buildings in the upper right corner."
N37E027_015_008.png,test,100,0,0,0,0,0,0,"The image depicts a heavily forested mountainous region dominated by dense tree cover (100%), with numerous linear drainage channels and exposed rocky slopes visible throughout the landscape.","The scene is entirely covered by dense, continuous forest, with no visible clearings or non-vegetated areas, indicating a uniformly forested landscape. The spatial layout suggests a vast, uninterrupted tree canopy, likely in a mountainous or hilly region given the visible topographic texture.","The scene is dominated by forest land use, with 100% coverage of tree vegetation, indicating a dense, continuous woodland or forested area.","Dense, green forest covers a mountainous terrain with numerous river valleys and exposed rock formations. Patches of lighter vegetation suggest variations in forest density or disturbed areas within the landscape.","A dense, forested mountainous region with scattered clearings and patches of lighter vegetation, indicating mixed land use and rugged topography."
N39E034_020_013.png,test,0,0,53,46,0,1,0,"The image depicts a mountainous region dominated by extensive grasslands (53%) and cultivated crops (46%), with a small area of barren land (1%). A winding river or stream is visible traversing the landscape, cutting through the terrain and supporting the agricultural areas.","The scene depicts a predominantly arid, hilly landscape where grasslands cover most of the terrain, interspersed with small, scattered crop fields, and only minor barren patches, suggesting a semi-arid agricultural region with limited cultivation.","The scene is predominantly grassland, covering 53% of the area, with a smaller portion used for crops (46%) and minimal barren land (1%).","The image depicts a rugged, arid landscape characterized by extensive canyons and mountains, with a narrow road traversing a relatively flat, brown valley floor. Sparse vegetation and scattered settlements are visible within the canyon walls.","A rugged, arid mountainous region with sparse vegetation and winding river valleys, featuring small patches of cultivated land and a network of roads traversing the terrain."
N40E033_009_045.png,test,50,0,38,10,1,1,0,"The image depicts a landscape dominated by dense tree cover (50%) interspersed with extensive grasslands (38%), with a small area of cultivated crops (10%) and minimal built-up areas (1%) and barren land (1%). A prominent river channel and road are visible winding through the terrain.","The scene depicts a predominantly forested and grassy landscape with scattered agricultural fields and sparse built-up areas, suggesting a rural or semi-rural environment where natural vegetation dominates over human development.","The scene is predominantly forested, with trees covering 50% of the area, making it the dominant land use. Grasslands account for a significant secondary portion at 38%, while crops, built-up, and barren areas are minor components.","The image depicts a mountainous region with dense forest cover interspersed with agricultural land and a small settlement at the base of the slopes. A winding road traverses the terrain, highlighting the rugged topography and connecting the developed area to the forested highlands.","A mountainous terrain with dense forested slopes and scattered settlements, featuring a winding road traversing the ridges and a valley floor with patchwork agricultural fields and a small cluster of buildings."
N39E030_031_009.png,test,38,0,58,2,0,2,0,"The image depicts a landscape dominated by grass (58%) interspersed with a significant amount of tree cover (38%), with a small area of crops (2%) and minimal barren land (2%). The terrain appears to be characterized by rolling hills and valleys, suggesting a potentially arid or semi-arid environment.","The scene depicts a predominantly grass-covered landscape (58%) interspersed with tree cover (38%), suggesting a natural, possibly hilly or mountainous terrain with patches of forest or woodland. Sparse crop areas (2%) and minor barren zones (2%) indicate limited agricultural activity, with the overall land use dominated by natural vegetation.","The scene is predominantly grassland, with grass covering 58% of the area, making it the dominant land use. Trees account for a significant portion at 38%, suggesting a mix of natural vegetation and some wooded areas, while crops and barren land are minimal.","The image depicts a landscape dominated by sparsely vegetated terrain interspersed with a small settlement and a road, situated within a rugged, mountainous region. A narrow river meanders through the lower portion of the scene, carving through the valley floor.","A rugged, mountainous terrain with dense forest cover interspersed with patches of cleared land and scattered settlements, indicating mixed-use rural landscapes."
N40E039_041_042.png,test,0,0,53,6,1,1,39,"The image depicts a coastal area dominated by extensive grasslands (53%) adjacent to a significant body of water (39%). A small area of cultivated crops (6%) and minimal built-up areas (1%) are present along the shoreline, with scattered barren land (1%) visible inland.","The scene shows a coastal area dominated by water (39%) and grass (53%), with a narrow strip of built-up land and sparse crop patches along the shoreline, indicating a semi-arid environment where human settlement is limited and natural vegetation is the primary land cover.","The scene is predominantly grassland, covering 53% of the area, with significant water coverage at 39%, indicating a landscape of open fields and wetlands. Crop and built-up areas are minor, suggesting limited agricultural activity and minimal human development.","The image depicts a coastal area with a narrow strip of vegetated land adjacent to a dark blue sea, interspersed with arid, light-colored terrain likely representing salt flats or desert. A prominent white cliff face borders the landward side of the coastal zone.","A coastal area with a distinct shoreline separating deep green water from arid, brown terrain featuring winding roads and sparse vegetation."
N37E030_017_004.png,test,1,0,19,71,6,3,0,"The image depicts a predominantly agricultural landscape dominated by cultivated crops (71%), with a small built-up area (6%) and scattered patches of grass (19%). A village is situated within a network of agricultural fields, alongside a small area of barren land (3%) and sparse tree cover (1%).","The scene centers on a small built-up village surrounded by vast, patchwork agricultural fields, with crop land dominating the landscape and sparse grass and tree cover interspersed.","The scene is predominantly agricultural, with 71% covered by crops, indicating a rural or farming landscape. Smaller areas are occupied by grass (19%) and built-up areas (6%), with minimal barren land (3%).","A small village is situated within a patchwork of agricultural fields, bordered by a network of roads and a dark forested area. The landscape appears predominantly rural with cultivated land and scattered settlements.","A small village with dense built-up areas is nestled within a patchwork of agricultural fields, bordered by a winding river and intersected by roads, indicating a rural landscape with mixed land use."
N39E043_025_025.png,test,0,0,92,3,0,5,0,"The image depicts a landscape dominated by extensive grassland (92%), with a small area of cultivated crops (3%) and sparse barren land (5%). Prominent linear features, likely riverbeds or drainage channels, are visible throughout the scene, contributing to the undulating terrain.","The scene is dominated by grasslands covering 92% of the area, with a patchwork of smaller, scattered crop fields and barren patches, suggesting a semi-arid or pastoral landscape with limited agricultural intensification.","The scene is predominantly covered by grass, indicating a large area of natural or managed pastureland. Crop coverage is minimal, suggesting limited agricultural activity in this region.","The image depicts a heavily eroded, arid landscape with extensive gullies and ridges, likely a desert or semi-arid region exhibiting significant soil disturbance. A linear feature, possibly a road or drainage channel, cuts across the terrain.","This remote sensing image depicts a rugged, arid landscape with layered sedimentary rock formations and sparse vegetation, indicative of a desert or semi-desert environment with minimal human land use."
N42E043_001_006.png,test,0,0,0,0,0,99,1,"The image depicts a landscape dominated by barren terrain, with scattered small bodies of water representing approximately 1% of the area. The terrain exhibits a rugged, undulating surface with numerous dark, irregular patches, suggesting rocky or sandy areas.","The scene is overwhelmingly dominated by barren land, covering 99% of the area with a rough, patchy texture, while small, scattered water bodies make up the remaining 1%, appearing as dark, irregularly shaped patches interspersed throughout.","The scene is predominantly barren, indicating extensive exposed soil, rock, or desert terrain with minimal vegetation or human development. Only a small fraction (1%) is water, suggesting sparse surface water features such as dry ponds or streams.","The image depicts a mountainous region with extensive forested areas interspersed with darker, possibly wetland or water-filled depressions. A prominent river valley cuts through the center of the scene, flowing towards a darker area likely representing a lake or large body of water.","This remote sensing image depicts a rugged, mountainous terrain with patches of snow and ice, interspersed with dark, forested or rocky areas, suggesting a high-altitude alpine environment."
N42E043_039_022.png,test,90,0,9,1,0,0,0,"The image depicts a mountainous region dominated by dense forest cover (90%), with a smaller area of grassland (9%) interspersed along a meandering river channel. A small area of cultivated land (1%) is visible near the river’s edge.","The scene is dominated by dense tree cover (90%), forming a continuous forested landscape with scattered patches of grass (9%) and minimal crop areas (1%), suggesting a largely natural, forested environment with sparse agricultural activity.","The scene is predominantly forested, with tree cover accounting for 90% of the land use.",Dense forest covers a mountainous region with a meandering river cutting through agricultural land and a small settlement along its banks. Patches of cleared land and a possible road network are visible within the forested areas.,"A winding river cuts through a hilly, forested landscape, with a small settlement nestled along its banks and patches of cleared land indicating agricultural use."
N39E039_007_021.png,test,1,0,98,0,0,1,0,"The image depicts a predominantly grassy landscape with scattered patches of barren land, exhibiting a rugged, mountainous terrain characterized by linear drainage patterns. Only a small percentage of the area is covered by sparse trees.","The scene is dominated by grasslands covering 98% of the area, with sparse tree cover (1%) concentrated in small patches, likely along waterways or in depressions, and minimal barren land (1%) scattered across the terrain.","The scene is predominantly grassland, with nearly all (98%) of the area covered by grass, indicating a natural or agricultural pasture. Trees are sparse (1%), and barren areas are minimal (1%), suggesting a well-vegetated, open landscape.","The image depicts a rugged, arid landscape characterized by extensive rocky terrain and sparse vegetation, likely a desert or semi-arid region. A small, darker area suggests a localized patch of vegetation or potential water source amidst the predominantly barren land.","A rugged, arid landscape with patchy vegetation and winding riverbeds, featuring a distinct green agricultural area in the lower right."
N40E036_028_029.png,test,32,0,68,0,0,0,0,"The image depicts a landscape dominated by grassy areas (68%) interspersed with scattered tree cover (32%), situated within a terrain characterized by exposed rock and eroded gullies. The overall impression is of a dry, relatively barren environment with some localized vegetation.","The scene depicts a predominantly grassland-dominated landscape (68%) interspersed with scattered tree cover (32%), suggesting a rural or semi-arid region with patchy vegetation and possible agricultural or natural land use patterns.","The scene is dominated by grass cover, indicating a large area of natural or agricultural pasture, with trees making up a minor portion of the landscape.","The landscape exhibits a mix of arid, rocky terrain interspersed with patches of vegetation, likely indicating scrubland and scattered woodlands. A prominent river channel and associated floodplain carve through the region, highlighting a drainage pattern within the broader, hilly topography.","A rugged, mountainous terrain with patchwork agricultural fields and scattered settlements, featuring a prominent river valley cutting through the landscape."
N40E040_045_016.png,test,0,0,95,0,0,5,0,"The image depicts a landscape dominated by extensive grassland (95%), interspersed with small areas of barren land (5%). Visible within the grassland are several shallow depressions or basins, likely indicative of localized drainage features.","The scene is dominated by grassland covering 95% of the area, with a sparse, scattered distribution of barren land making up the remaining 5%, suggesting a largely vegetated but rugged terrain.","The scene is predominantly grassland, indicating a large area of natural or managed pasture. A small portion (5%) is barren, suggesting sparse or exposed soil with minimal vegetation.","The image depicts a rugged, arid landscape with extensive sandy or rocky terrain interspersed with small, saline lakes or wetlands. Mountainous ridges and valleys are visible throughout the area, suggesting a high-altitude, potentially desert or semi-desert environment.","A rugged, mountainous terrain with varied brown and tan hues, featuring winding river valleys and scattered patches of blue water bodies, indicative of arid or semi-arid land use with limited vegetation and natural water features."
N40E033_022_040.png,test,0,0,74,8,0,18,0,"The image depicts a landscape dominated by extensive grasslands (74%), with a small area of cultivated crops (8%) and scattered barren land (18%). It shows a highly eroded terrain characterized by a network of canyons and ridges, suggesting a region with significant geological activity and limited vegetation cover.","The scene depicts a rugged, mountainous terrain with a dominant barren landscape (18%), interspersed with patches of grass (74%) and sparse crop areas (8%), suggesting a semi-arid or highland environment where agriculture is limited.","The scene is predominantly grassland, covering 74% of the area, with minor patches of crop and barren land. Grassland is the dominant land use.","The image depicts a rugged, arid landscape characterized by extensive canyons and mountain ranges, likely a desert or semi-arid region with limited vegetation. A linear feature, possibly a road or river channel, cuts through the terrain.","A rugged, arid mountainous region with prominent ridges and valleys, characterized by sparse vegetation and earthy tones, indicating a dry, high-elevation landscape with minimal human development."
N36E040_016_036.png,test,0,0,0,100,0,0,0,"The image depicts a landscape dominated by cultivated fields, with 100% of the observed area covered by crop vegetation. A network of linear features, likely irrigation canals or field boundaries, are visible across the agricultural land.","The scene is entirely covered by agricultural cropland, with a spatial layout defined by a grid of rectangular fields separated by light-colored roads or irrigation channels, indicating organized, large-scale farming.","The scene is dominated by agricultural land use, with extensive cropland covering the entire area.","The image depicts a landscape characterized by extensive agricultural fields divided by a network of irrigation canals, suggesting a region with intensive farming practices. A prominent, linear feature running horizontally across the scene appears to be a road or waterway.","A patchwork of agricultural fields dominates the landscape, characterized by rectangular plots and intersecting roads or irrigation channels, set against a backdrop of arid, earth-toned terrain."
N36E040_028_041.png,test,0,0,4,77,0,19,0,"The image depicts a landscape dominated by agricultural fields (77%) interspersed with areas of barren land (19%), with a small patch of grass (4%) visible. A prominent, linear drainage channel cuts through the agricultural areas, suggesting a river or intermittent stream system.","The scene is dominated by extensive crop fields (77%), interspersed with patches of barren land (19%) and sparse grass (4%), suggesting a primarily agricultural landscape with some dry or undeveloped areas.","The scene is predominantly agricultural, with 77% coverage of crop land, indicating a large-scale farming area. Grass covers a small portion, and 19% is barren, suggesting limited natural vegetation or degraded land.","The image depicts a dry, arid landscape with extensive linear drainage channels cutting through light-brown, sparsely vegetated terrain. A narrow, linear feature likely represents a road or agricultural area within the broader, eroded terrain.","A dry, arid landscape dominated by earthy tones, featuring winding riverbeds or dry creek channels and subtle variations in terrain suggesting sparse vegetation or agricultural plots."
N39E037_023_023.png,test,25,0,68,1,1,5,0,"The image depicts a landscape dominated by extensive grasslands (68%) interspersed with areas of bare ground (5%) and scattered patches of trees (25%), alongside a small built-up area (1%) and a limited area of cultivated crops (1%). A prominent linear feature, likely a river or drainage channel, cuts through the terrain, contributing to the varied topography.","The scene is dominated by grasslands (68%), interspersed with patches of tree cover (25%) and scattered barren areas (5%), with minimal built-up (1%) and crop (1%) zones, suggesting a largely natural, semi-arid landscape with sparse human development.","The scene is predominantly grassland, covering 68% of the area, with a smaller portion of trees and minimal crop and built-up features.","The landscape exhibits a mix of arid, reddish-brown terrain interspersed with patches of vegetation, likely scrubland and scattered woodlands, alongside a linear feature suggesting a road or river channel. Rocky outcrops and a winding drainage pattern dominate the terrain.","A rugged, arid landscape with patchy vegetation and exposed earth, featuring winding roads, scattered settlements, and a prominent river carving through the terrain."
N37E043_013_045.png,test,2,0,72,13,1,12,0,"The image depicts a landscape dominated by extensive grassland (72%) interspersed with areas of barren land (12%) and scattered crop fields (13%), with a small built-up area (1%) and minimal tree cover (2%). A network of roads and trails winds through the terrain, suggesting a region with significant open space and some localized human development.","The scene is dominated by grasslands (72%) interspersed with patches of crop fields (13%) and barren land (12%), with sparse tree cover (2%) and minimal built-up areas (1%) concentrated in a small cluster, suggesting a rural, semi-arid landscape with limited human development.","The scene is predominantly grassland, covering 72% of the area, with a significant portion dedicated to crop production (13%). Built-up and barren areas are minimal, indicating a rural or agricultural landscape with limited human development.","A sparsely vegetated, mountainous region displays a small settlement clustered around a water source, with a network of roads and linear features suggesting agricultural activity. The surrounding terrain is characterized by rugged, brown-toned hills and valleys.","A rugged, arid mountainous region with sparse vegetation and scattered settlements nestled in a valley, characterized by winding roads and terraced land use patterns."
N37E028_030_043.png,test,81,2,11,5,0,1,0,"The image depicts a landscape dominated by dense tree cover (81%), interspersed with areas of grass (11%) and a small patch of crops (5%). A network of roads and a cluster of buildings are visible within a valley, surrounded by more barren land (1%) and scattered shrubbery (2%).","The scene is dominated by dense tree cover (81%), forming a continuous forested backdrop, with interspersed patches of grassland (11%) and small, fragmented crop fields (5%) near human settlements, while barren areas (1%) appear as sparse, exposed ground, likely along roads or cleared zones.","The scene is predominantly forested, with tree cover accounting for 81% of the land use, indicating a dense woodland or forested area. Smaller portions are occupied by grass (11%), crop (5%), and barren land (1%), suggesting limited agricultural or exposed surface areas.","Dense forest covers much of the landscape, interspersed with areas of agricultural land and a small settlement near a winding river. Rolling hills and exposed rock formations are visible throughout the region.","A mixed-land-use area featuring dense forested mountains, a sprawling urban settlement with distinct grid-like roads, and adjacent agricultural fields, all situated along a river valley."
N42E042_015_035.png,test,97,0,3,0,0,0,0,"The image depicts a heavily forested mountainous region dominated by trees (97%), with a small area of grass (3%) visible along the lower slopes. The terrain appears rugged and undulating, suggesting a steep, forested hillside.","The scene is dominated by dense tree cover (97%), forming a continuous, undulating green canopy across rolling terrain, with sparse grass patches (3%) visible in scattered, lower-contrast areas, suggesting a forested landscape with minimal open ground.","The scene is dominated by tree cover, indicating a forested or wooded land use. Grass makes up a minor portion, suggesting sparse open areas or edges within the woodland.","Dense, green forest covers a mountainous terrain with exposed rock and soil patches. Scattered, small structures are visible along the upper slopes, suggesting potential settlements.","A rugged, forested mountainous region with dense green vegetation covering steep slopes, interspersed with patches of exposed brown earth and sparse human settlements along valley edges."
N36E040_008_031.png,test,0,0,1,99,0,0,0,"The image depicts a predominantly agricultural landscape dominated by cultivated crops (99%), with a very small area of grass (1%). The land is characterized by a network of straight, parallel field boundaries, suggesting organized agricultural practices.","The scene is dominated by vast, uniformly textured crop fields covering 99% of the area, arranged in a grid-like pattern suggesting organized agricultural cultivation, with only a negligible 1% of grassland interspersed.","The scene is predominantly agricultural, with 99% of the area covered by crops, indicating a large-scale farming landscape. Grass makes up a negligible portion, suggesting minimal natural pasture or grassland use.","The image depicts a landscape dominated by agricultural fields, likely cultivated in a grid pattern, with a small cluster of buildings visible in the upper portion. A darker area in the lower left suggests a possible river or wetland area.","The image displays a vast agricultural landscape dominated by large, rectangular fields with varying shades of brown, indicative of dry or fallow farmland, intersected by faint linear features likely representing irrigation canals or roads. A small, distinct cluster of structures in the upper right suggests a rural settlement or farmstead."
N37E028_002_011.png,test,78,1,17,0,1,1,2,"The image depicts a landscape dominated by dense tree cover (78%) interspersed with areas of grass (17%) and a small lake (2%). A minor amount of built-up area (1%) and barren land (1%) are also visible, alongside a small amount of shrub (1%).","The scene is dominated by dense tree cover (78%), forming a continuous forested landscape interspersed with patches of grass (17%) and a small body of water (2%), with minimal human development (1% built-up) and sparse barren areas (1%).","The scene is predominantly forested, with tree cover accounting for 78% of the area, indicating a dense woodland or forested landscape. Grasslands make up a smaller portion (17%), suggesting some open or understory vegetation, while other land covers are minimal.","The image depicts a mountainous region with extensive forested slopes and a large lake nestled within a valley. A river flows into the lake, carving through the rugged terrain.","A rugged, mountainous terrain with dense forest cover interspersed with agricultural fields and a prominent reservoir nestled in a valley."
N40E037_012_010.png,test,44,0,50,5,1,0,0,"The image depicts a landscape dominated by tree cover (44%) and grass (50%), with a narrow road cutting through a hilly terrain. A small area of cultivated crops (5%) and minimal built-up areas (1%) are also present, suggesting a rural environment with agricultural activity.","The scene is dominated by dense grasslands (50%) interspersed with extensive tree cover (44%), forming a predominantly natural, vegetated landscape. Small, scattered patches of crop fields (5%) and minimal built-up areas (1%) suggest limited human development, with a winding road cutting through the terrain.","The scene is predominantly grassland, with a significant portion covered by grass (50%), making it the dominant land use. Trees cover a notable 44%, indicating a mix of natural vegetation, while crops and built-up areas are minor components.",The image depicts a mountainous region with dense forest cover interspersed with agricultural fields and a winding road traversing the terrain. A river or stream follows a valley through the landscape.,"A patchwork of agricultural fields and forests covers rolling terrain, with a prominent road winding through the landscape and a small settlement visible near the lower left."
N40E034_017_019.png,test,1,0,39,57,0,3,0,"The image depicts a landscape dominated by agricultural fields (57%) interspersed with areas of grass (39%) and scattered trees (1%). A prominent rocky outcrop and a river channel are visible, with a small settlement located near the lower left edge of the image.","The scene depicts a predominantly agricultural landscape, with crop fields covering 57% of the area and interspersed with grasslands (39%), set against a backdrop of rugged, barren terrain (3%) and sparse tree cover (1%).","The scene is primarily agricultural, with crops covering 57% of the area, making it the dominant land use. Grass covers a significant portion (39%), suggesting some pasture or natural vegetation within the agricultural landscape.","The image depicts a mountainous region with cultivated fields interspersed with a small settlement, alongside a winding river and steep, rocky slopes. The terrain is characterized by significant elevation changes and a predominantly agricultural landscape.","A rugged, mountainous terrain with steep, eroded slopes and scattered patches of agriculture and small settlements nestled in the valleys."
N40E037_010_004.png,test,80,0,20,0,0,0,0,The image depicts a mountainous region dominated by dense forest cover (80%) interspersed with patches of grassland (20%). Linear features suggest drainage patterns and possibly river valleys within the forested terrain.,"The scene is dominated by dense tree cover (80%), forming a continuous forested landscape across rolling hills, with scattered patches of grassland (20%) interspersed along valleys and near human settlements, indicating a mixed-use rural environment.","The scene is dominated by tree cover, indicating a forested or wooded area with significant natural vegetation. Grass occupies a minor portion, suggesting sparse open spaces or edges within the woodland.",The image depicts a mountainous region dominated by dense forest cover interspersed with patches of grassland and agricultural areas. Linear features suggest river valleys and potentially roads or trails cutting through the landscape.,"A mountainous region with dense forest cover interspersed with cleared agricultural fields and winding roads, featuring a prominent river valley cutting through the terrain."
N39E034_013_014.png,test,1,0,24,69,3,3,0,"The image depicts a landscape dominated by agricultural land, with approximately 69% covered in crops, interspersed with 24% grass and 3% barren areas. A narrow road and a small built-up area are present along the top of the image, while a small patch of trees is visible in the lower right corner.","The scene is dominated by vast, geometrically patterned crop fields (69%), interspersed with smaller patches of grass (24%) and sparse tree cover (1%), with minor built-up areas (3%) and barren land (3%) along roads and edges.","The scene is predominantly agricultural, with 69% covered by crops, indicating a rural or farming landscape. Small areas of grass and built-up land suggest some natural vegetation and human infrastructure, but agriculture dominates.","The image depicts a landscape dominated by agricultural fields and cultivated terraces, interspersed with a linear road and a small settlement. A prominent drainage channel cuts through the terrain, suggesting a fluvial environment.","A patchwork of agricultural fields in varying shades of brown and green dominates the landscape, intersected by a prominent straight road and bordered by a winding river or stream."
N36E033_010_031.png,test,4,0,96,0,0,0,0,"The image depicts a landscape dominated by extensive grassland areas, with a small percentage of trees scattered throughout. A prominent, roughly circular feature appears to be a patch of grass, suggesting a potential area of open pasture or savanna, interspersed with rocky terrain.","The scene depicts a predominantly grass-covered landscape, with tree cover making up only 4% of the area, suggesting sparse vegetation and likely arid or semi-arid conditions. The spatial layout shows a mix of open grassland interspersed with scattered tree clusters and possibly some human-modified areas, such as roads or settlements, visible as lighter patches.","The scene is predominantly grassland, indicating an open, natural or agricultural landscape with minimal tree cover.","The image depicts a heavily disturbed landscape with extensive mining operations and associated infrastructure, primarily across a relatively flat, arid terrain. Scattered patches of vegetation suggest limited areas of natural ground cover amidst the altered environment.","A rugged, mountainous terrain with patchwork agricultural fields and scattered settlements nestled in valleys, bordered by darker forested areas."
N39E036_044_001.png,test,3,0,8,86,2,1,0,"The image depicts a landscape dominated by agricultural fields (86%) interspersed with a meandering river channel and a small settlement, while a small area of trees (3%) and grass (8%) borders the waterway. A minimal amount of barren land (1%) and built-up areas (2%) are also present within the scene.","The scene is dominated by extensive, patchwork crop fields (86%), interspersed with narrow strips of grass and tree cover, and bisected by a winding river. Small built-up areas and barren patches are sparsely distributed, indicating a primarily agricultural landscape with minor urban development.","The scene is predominantly agricultural, with 86% covered by crops, indicating a large-scale farming area. Small areas of grass and built-up land suggest limited pasture or human infrastructure.",The image depicts an agricultural landscape with cultivated fields interspersed with a meandering river and a small settlement along a road. A darker area suggests a forested or wetland feature within the broader agricultural region.,"A winding river cuts through a patchwork of agricultural fields, with clusters of buildings indicating small settlements along its banks and a road running parallel to the waterway."
N39E043_003_031.png,test,0,0,51,21,0,28,0,"The image depicts a landscape dominated by grass (51%) interspersed with cultivated crops (21%) and barren land (28%), with a prominent, linear water channel running through the center of the scene. The terrain appears to be characterized by rolling hills and valleys.","The scene depicts a predominantly grass-covered landscape (51%) interspersed with patches of crop fields (21%) and barren land (28%), with a winding road cutting through the terrain, suggesting a rural or semi-arid agricultural region.","The scene is predominantly grassland, covering 51% of the area, with smaller portions dedicated to crops and barren land. Grassland is the dominant land use.","The image depicts a landscape characterized by agricultural fields interspersed with a prominent, meandering river channel cutting through a relatively flat, arid terrain. The area appears to be undergoing irrigation, indicated by the cultivated fields along the river’s course.","A dry, arid landscape with terraced agricultural fields and a winding road cutting through rolling hills, indicative of intensive farming in a semi-arid region."
N40E037_019_037.png,test,82,0,18,0,0,0,0,"The image depicts a landscape dominated by dense forest (82%) interspersed with patches of grassland (18%), exhibiting a hilly or mountainous terrain with prominent river networks winding through the forested areas.","The scene is dominated by dense tree cover (82%), forming a continuous, forested landscape with winding rivers and streams cutting through the terrain, while grasslands (18%) appear as scattered, lighter green patches, likely along riverbanks or in cleared areas.","The scene is primarily forested, with tree cover dominating the landscape at 82%. Grassland covers a smaller portion, indicating a predominantly wooded area with limited open grassy zones.","Dense, forested mountainous terrain dominates the landscape, interspersed with patches of agricultural land and river systems. A network of linear features likely represents river channels cutting through the valleys.","A satellite view of a forested region with winding rivers and streams cutting through dense green vegetation, interspersed with patches of cleared land and agricultural fields."
N37E036_004_015.png,test,74,0,23,3,0,0,0,"The image depicts a landscape dominated by dense forest (74%) interspersed with areas of grassland (23%), with a small percentage (3%) of cultivated crops. The terrain appears rugged, with significant elevation changes visible through the varied land cover types.","The scene is dominated by dense tree cover (74%), forming a continuous, dark green canopy that blankets most of the landscape, with patches of lighter-toned grass (23%) and sparse, small-scale crop areas (3%) interspersed, particularly in the lower right quadrant.","The scene is predominantly forested, with trees covering 74% of the area, indicating a heavily wooded landscape. Grasslands make up a smaller portion, with only 23%, and crops are minimal at 3%.","The image depicts a mountainous region with extensive forest cover interspersed with agricultural land and areas of disturbed ground. A river meanders through the landscape, carving a path through the terrain.","A rugged, mountainous terrain with dense forest cover in the upper left, transitioning to fragmented agricultural fields and scattered settlements in the lower right, indicating mixed land use in a hilly region."
N36E039_012_016.png,test,0,0,4,90,5,1,0,"The image depicts a landscape dominated by extensive agricultural fields (90%) primarily used for crop cultivation, with a small area of built-up settlement (5%) and minimal grass (4%) and barren land (1%). A road or pathway cuts through the agricultural area, connecting the settlement to the surrounding fields.","The scene is dominated by vast, geometrically patterned crop fields (90%), interspersed with a small built-up area (5%) and minor patches of grass and barren land, suggesting an agricultural landscape centered around a rural settlement.","The scene is predominantly agricultural, with 90% of the area covered by crops, indicating a rural or farming landscape with minimal built-up or natural vegetation.","The image depicts a small town surrounded by extensive agricultural fields, primarily cultivated in dark brown and reddish-brown hues. A linear road and scattered small structures are visible extending outwards from the town into the surrounding farmland.","A rural settlement is nestled within a patchwork of cultivated agricultural fields, surrounded by undulating terrain with visible drainage channels and sparse vegetation."
N37E027_011_033.png,test,66,1,19,1,11,2,0,"The image depicts a mountainous region dominated by dense tree cover (66%), interspersed with a network of roads and a small built-up area (11%) at the base of the slopes. The terrain shows evidence of past or present mining activity, with exposed rock and soil, alongside scattered shrub and grass vegetation.","The scene depicts a hilly or mountainous terrain dominated by dense tree cover (66%), with scattered built-up areas (11%) concentrated in valleys or lower elevations, and patches of grass and shrubland interspersed across the slopes.","The scene is predominantly forested, with trees covering 66% of the area, indicating a dense woodland or natural forest cover. Smaller portions are occupied by grass, shrubs, built-up areas, and barren land, suggesting limited agricultural or urban development.","A densely populated urban area is situated on a hillside, connected by a network of winding roads that traverse a rugged, mountainous terrain. A large, light-colored structure appears to be a quarry or open-pit mine within the mountainous region.","A dense settlement occupies a valley floor and slopes, surrounded by rugged, forested mountains with visible terraced agriculture and winding roads."
N39E039_036_029.png,test,46,0,54,0,0,0,0,"The image depicts a mountainous region dominated by extensive grasslands (54%) interspersed with scattered tree cover (46%), with a prominent river valley cutting through the landscape. The terrain appears rugged and uneven, suggesting a steep slope.","The scene depicts a rugged, mountainous terrain where grass dominates the landscape at 54%, interspersed with patches of tree cover at 46%, suggesting a mixed-use, naturally vegetated environment with varying elevations and slopes.","The scene is predominantly grassland, with a minor contribution from tree cover, indicating open vegetation such as pasture or natural grassy fields.","The image depicts a rugged, mountainous terrain with extensive areas of dry, brown vegetation and sparse, green forest patches along drainage channels. A prominent river valley cuts through the landscape, indicating a significant fluvial influence on the land use.","A rugged, mountainous terrain with steep slopes and valleys, featuring patches of green vegetation interspersed with brown, barren or sparsely vegetated areas, indicative of varied land use and topography."
N40E043_033_009.png,test,0,0,50,48,0,0,2,"The image depicts a landscape dominated by grass (50%) and cultivated crops (48%), interspersed with a small amount of water (2%). Linear patterns suggest agricultural fields and associated drainage channels, with patches of grassland scattered throughout the area.","The scene is dominated by a patchwork of agricultural fields—mostly crops—with grasslands interspersed throughout, forming a predominantly rural, cultivated landscape. Small water bodies are scattered sparsely, adding minor linear or polygonal features to the otherwise land-intensive terrain.","The scene is predominantly grassland, with a small portion dedicated to crops and minimal water coverage. Grassland is the dominant land use.","The landscape exhibits a patchwork of agricultural fields, interspersed with forested areas and a meandering river channel. Sparse, lighter-toned patches suggest areas of disturbed ground or possibly wetlands.","The image displays a patchwork of agricultural fields in varying shades of brown and green, interspersed with linear waterways and a winding river, indicating a rural landscape shaped by farming and natural drainage systems."
N39E027_030_038.png,test,78,0,19,3,0,0,0,"The image depicts a landscape dominated by dense forest (78%) interspersed with areas of grassland (19%), with a small percentage of cultivated crops (3%). A meandering river and associated road network are visible throughout the scene, suggesting a region with significant fluvial and transportation features.","The scene is dominated by dense tree cover (78%), forming a continuous forested landscape with scattered patches of grass (19%) and minimal crop areas (3%) visible as small, irregular clearings or fields.","The scene is primarily forested, with tree cover dominating at 78%, indicating a heavily wooded landscape. Grasslands make up a minor portion, and crop areas are very limited.",Dense forest covers a mountainous region with a meandering river and a linear road network cutting through the landscape. Patches of lighter vegetation suggest areas of disturbed land or open woodland.,"A rugged, forested mountainous region with scattered settlements and a winding road along the ridgeline, featuring a distinct cleared area and a small body of water nestled in the valley."
N37E034_019_014.png,test,0,0,39,59,0,2,0,"The image depicts a landscape dominated by cultivated crops (59%) interspersed with areas of grass (39%), with a small percentage (2%) of barren land. A linear feature, likely a road or irrigation channel, cuts through the agricultural areas and traverses a rugged, terraced terrain.","The scene depicts a predominantly agricultural landscape, with crop fields covering 59% of the area and grasslands making up 39%, while barren land accounts for only 2%. The spatial layout shows patchy, fragmented agricultural plots interspersed with natural grasslands, set against a rugged, hilly terrain.","The scene is primarily agricultural, dominated by crop cultivation (59%), with a smaller portion of grass (39%) and minimal barren land (2%).","The image depicts a rugged, arid landscape with extensive canyon formations and a linear feature likely representing a road or transportation route cutting through the terrain. Sparse vegetation and dark patches suggest areas of exposed rock and potential soil disturbance.","A rugged, arid landscape with winding riverbeds and sparse vegetation, featuring a linear settlement or road cutting through the terrain."
N36E043_037_036.png,test,0,0,72,28,0,0,0,"The image depicts a landscape dominated by extensive grassland (72%) interspersed with cultivated crops (28%), exhibiting undulating terrain with visible ridges and valleys.","The scene is dominated by grassland, covering 72% of the area with a textured, patchy appearance suggesting natural vegetation, while 28% is occupied by crop fields, likely appearing as more uniform or geometrically distinct patches within the landscape.","The scene is predominantly grassland, with extensive natural or managed pasture covering 72% of the area, indicating a primary land use of open grassy terrain. A smaller portion (28%) is dedicated to crop cultivation, suggesting limited agricultural activity within the landscape.","The image depicts a vast, arid landscape characterized by extensive sand dunes and rocky terrain, indicative of a desert environment. Sparse vegetation and subtle linear features suggest possible drainage channels within the sandy substrate.","This remote sensing image depicts a rugged, arid landscape dominated by desert terrain with sparse vegetation and visible erosion patterns, likely in a semi-arid or desert region."
N37E043_004_043.png,test,0,0,96,0,0,4,0,"The image depicts a landscape dominated by extensive grassland (96%), interspersed with areas of barren land (4%). The terrain appears to be rugged and hilly, with visible rock formations and linear patterns suggesting drainage channels.","The scene is predominantly covered by grass (96%), forming a continuous, textured expanse with subtle variations in tone, while small, scattered barren patches (4%) appear as darker, irregularly shaped areas, likely indicating exposed soil or sparse vegetation.","The scene is predominantly grassland, indicating open pasture or natural vegetation cover. A small portion is barren, suggesting sparse or degraded land use.","The image depicts a rugged, arid landscape with extensive rocky terrain and sparse vegetation, likely a desert or semi-desert environment. Darker patches suggest areas of exposed soil or possibly localized drainage channels.","This remote sensing image depicts a rugged, mountainous terrain with patchwork agricultural fields and scattered settlements, interspersed with dark green forested areas and a prominent blue water body, likely a lake or reservoir, nestled within the valley."
N39E043_041_043.png,test,0,0,73,20,0,7,0,"The image depicts a landscape dominated by extensive grassland (73%), interspersed with cultivated crops (20%) and small areas of barren land (7%). A meandering river or stream is visible, carving through the terrain and contributing to the varied land cover patterns.","The scene is dominated by extensive grasslands, interspersed with patchy crop fields and small areas of barren land, with a winding river cutting through the landscape and defining regional boundaries.","The scene is predominantly grassland, covering 73% of the area, with smaller patches of crop and barren land.",The image depicts a landscape dominated by arid or semi-arid terrain with scattered patches of cultivated land and a meandering river channel. Varied soil textures and subtle vegetation suggest a transition zone between open areas and potentially limited riparian vegetation.,"A river meanders through a landscape dominated by agricultural fields and patches of urban development, with distinct linear features suggesting roads or irrigation channels."
N37E042_017_040.png,test,5,0,80,0,0,15,0,"The image depicts a mountainous region dominated by extensive grasslands (80%) interspersed with patches of barren land (15%). A small area of trees (5%) is visible within the valleys, suggesting a localized area of vegetation amidst the otherwise arid terrain.","The scene depicts a predominantly grass-covered landscape (80%), interspersed with patches of barren, rocky terrain (15%) and sparse tree cover (5%), suggesting a semi-arid or mountainous region where vegetation is concentrated in valleys or sheltered areas.","The scene is predominantly grassland, with 80% coverage indicating a large area of open vegetation such as pasture or natural grassy fields. Trees are sparse (5%) and barren areas (15%) are minor, suggesting limited natural vegetation or soil disturbance.","The image depicts a mountainous region with extensive arid or semi-arid land cover, interspersed with patches of vegetation concentrated in valleys and along slopes. A prominent river or drainage channel winds through the lower elevations, carving a path through the rugged terrain.","A rugged, arid mountainous region with sparse vegetation in valleys and on slopes, featuring scattered green patches indicating limited vegetation or agricultural use, and winding linear features suggesting roads or riverbeds."
N37E034_037_025.png,test,0,0,73,1,0,26,0,"The image depicts a landscape dominated by extensive grassland (73%), interspersed with small areas of cultivated crop (1%) and barren land (26%). The overall appearance suggests a relatively open, possibly rural, area with variations in vegetation cover.","The scene is dominated by extensive grasslands covering 73% of the area, interspersed with patches of barren land (26%) and minimal crop areas (1%), suggesting a largely natural, sparsely cultivated landscape.","The scene is predominantly grassland, covering 73% of the area, with minimal crop and sparse barren land. Grassland is the dominant land use.","The image depicts a rugged, mountainous terrain with extensive areas of bare rock and sparse vegetation, suggesting a high-altitude, potentially arid or semi-arid environment. Darker patches likely represent shaded rock formations and possibly some exposed soil.","This remote sensing image depicts a rugged, arid landscape dominated by rocky outcrops and sparse vegetation, with subtle variations in tone suggesting topographical relief and minimal human development."
N36E039_026_012.png,test,0,0,49,34,0,17,0,"The image depicts a landscape dominated by arid terrain with a significant area of cultivated crops (34%) interspersed with patches of grass (49%) and barren land (17%). A linear feature, likely a road or irrigation channel, cuts through the area, suggesting agricultural activity in a generally dry environment.","The scene shows a predominantly grass-covered landscape (49%) interspersed with large crop fields (34%) and patches of barren land (17%), with a small, distinct settlement or structure at the center surrounded by agricultural and open terrain.","The scene is predominantly grassland, covering 49% of the area, with a significant portion dedicated to crop cultivation at 34%. Grasslands are the dominant land use, followed by agricultural crops.","The image depicts a sparsely vegetated, arid landscape with a large, rectangular structure likely associated with mining or industrial activity, situated within a hilly, brown terrain. A network of roads and linear features suggests a developed area alongside the surrounding natural features.","A remote sensing image reveals a rural landscape dominated by arid, brown terrain with scattered agricultural fields and a distinct circular structure, likely a reservoir or man-made feature, surrounded by cultivated plots and intersected by linear roads or irrigation channels."
N40E043_018_009.png,test,0,0,29,70,1,0,0,"The image depicts a landscape dominated by agricultural fields (70%) interspersed with patches of grass (29%), situated within a hilly terrain. A small area of built-up land (1%) is visible along the top edge of the frame, likely representing a road or settlement.","The scene is dominated by extensive crop fields (70%), arranged in a patchwork across rolling terrain, with small areas of grass (29%) interspersed and a single, minor built-up area (1%) visible near the center.","The scene is predominantly agricultural, with 70% covered by crops, indicating a farming-dominated landscape. Grass covers a smaller portion, while built-up areas are minimal at 1%.","The image depicts a terraced landscape primarily used for agriculture, with a meandering stream cutting through the cultivated fields and surrounding hills. A road runs along the top of the frame, indicating a transportation route through the area.","A patchwork of terraced agricultural fields dominates the landscape, interspersed with sparse vegetation and a small cluster of buildings, all situated on rolling, hilly terrain with a road cutting across the upper portion."
N36E042_043_036.png,test,0,0,6,93,0,1,0,"The image depicts a landscape dominated by cultivated crops (93%), with a small area of sparse grass (6%) and minimal barren land (1%). A meandering river channel is visible, cutting through the agricultural fields and suggesting a potential drainage pattern within the region.","The scene is dominated by agricultural croplands (93%), arranged in a patchwork of rectangular fields, with a winding river cutting through the landscape and a narrow road running parallel to it. Sparse grass (6%) and barren land (1%) are interspersed, suggesting a semi-arid agricultural region with limited natural vegetation.","The scene is predominantly agricultural, with 93% of the area covered by crops, indicating a heavily farmed landscape. Grass covers a small portion (6%), and barren land accounts for just 1%.","The image depicts a dry riverbed or wash cutting through a sparsely vegetated, arid landscape with cultivated fields along its banks. A linear feature, likely a road or access route, traverses the area alongside the channel.","A dry riverbed cuts diagonally across a patchwork of agricultural fields, with a straight road running parallel to it, indicating arid land use in a semi-desert region."
N39E034_032_010.png,test,0,0,21,79,0,0,0,"The image depicts a landscape dominated by cultivated crops (79%) interspersed with small areas of grass (21%), and characterized by a network of linear drainage channels cutting through the fields. The terrain appears relatively flat with a patchwork of agricultural fields.","The scene depicts a predominantly agricultural landscape, where 79% of the area is covered by cultivated crops arranged in a patchwork of fields, interspersed with 21% of grassland, suggesting a rural, farming-dominated region.","The scene is predominantly agricultural, with 79% of the area covered by crops, indicating a farmland dominated by cultivated vegetation. Grass covers a smaller portion, suggesting limited pasture or natural grassland.","The image depicts a landscape dominated by agricultural fields, interspersed with darker areas likely representing forests or other uncultivated land. A prominent river channel cuts through the terrain, shaping the surrounding land use patterns.","The image displays a patchwork of agricultural fields in varying shades of brown and green, interspersed with darker, possibly forested or wetland areas, and a prominent circular feature that may be a reservoir or crater."
N40E031_016_001.png,test,92,0,8,0,0,0,0,"The image depicts a heavily forested area dominated by trees (92%), with a narrow, winding road cutting through the landscape and interspersed with patches of grass (8%). The road appears to follow a ridgeline or valley, suggesting a natural drainage pattern within the forested terrain.","The scene is dominated by dense tree cover (92%), forming a continuous forested landscape with a winding road cutting through it, while small patches of grass (8%) are visible along the road and in scattered clearings.","The scene is predominantly forested, with tree cover accounting for 92% of the land use, indicating a dense woodland or forested area. Grass coverage is minimal at 8%, suggesting sparse or transitional vegetation.","Dense forest covers a mountainous region, intersected by a winding road and a small, light-colored area likely representing a lake or wetland. The terrain exhibits steep slopes and varied vegetation density.","A winding road cuts through a predominantly forested landscape, with a distinct clearing and a small body of water visible near the lower left, suggesting human activity within a largely natural, mountainous or hilly terrain."
N39E036_026_041.png,test,0,0,9,83,2,6,0,"The image depicts a landscape dominated by agricultural land, primarily crops (83%), interspersed with small areas of grass (9%) and barren land (6%). A thin strip of built-up area (2%) is visible along a linear feature, likely a road, traversing a terrain characterized by rolling hills and valleys.","The scene is dominated by extensive crop fields (83%), arranged in a patchwork across rolling terrain, with sparse built-up areas (2%) and patches of barren land (6%) interspersed, suggesting a primarily agricultural landscape with limited urban development.","The scene is predominantly agricultural, with 83% of the area covered by crops, indicating a large-scale farming landscape. Grass covers a small portion, suggesting limited natural pasture or fallow areas.","The image depicts a rugged, arid landscape with cultivated fields interspersed among rocky terrain and a winding river valley. A road cuts through the area, suggesting transportation and potentially agricultural access.","A rugged, arid landscape with terraced agricultural fields and a winding river cutting through the terrain, bordered by sparse settlements and dry, hilly terrain."
N40E042_028_000.png,test,1,0,91,1,0,7,0,"The image depicts a rugged, mountainous landscape dominated by extensive grasslands (91%) interspersed with areas of barren land (7%). A small amount of cultivated crop (1%) and sparse tree cover (1%) are visible within the valleys and along the lower slopes.","The scene depicts a rugged, mountainous terrain dominated by grasslands (91%), with sparse tree cover (1%) and small patches of crop and barren land (1% each), suggesting a semi-arid or highland environment where agriculture is limited and natural vegetation prevails.","The scene is predominantly grassland, covering 91% of the area, with minimal tree, crop, and barren coverage. This indicates a large-scale natural grassland ecosystem with limited human intervention.","The image depicts a rugged, mountainous terrain with extensive gullies and canyons, suggesting arid or semi-arid land use and significant erosion. A narrow river channel winds through the valley floor, indicating a potential water source within the landscape.","A rugged, mountainous terrain with steep, terraced slopes and sparse vegetation, featuring a winding river valley and scattered settlements along the lower elevations."
N37E043_011_008.png,test,0,0,89,0,0,11,0,"The image depicts a landscape dominated by extensive grassland (89%), with scattered areas of barren land (11%). A prominent dark feature, likely a linear geological formation or a concentrated area of barren ground, runs vertically through the center of the scene.","The scene is predominantly covered by grass, forming a continuous, textured mosaic that suggests a natural, open landscape, with scattered patches of barren land interspersed throughout.","The scene is predominantly grassland, indicating open fields or natural pastureland with minimal human alteration. A small portion (11%) is barren, suggesting sparse or exposed soil areas with little vegetation.","The image depicts a heavily textured, reddish-brown landscape likely consisting of arid or semi-arid terrain with sparse vegetation. A prominent, dark linear feature suggests a river channel or drainage system cutting through the land.","This remote sensing image depicts a rugged, mountainous terrain with varied shades of brown and green, indicating mixed forest and possibly agricultural or barren land use, with subtle topographic relief suggesting steep slopes and valleys."
N39E027_014_036.png,test,14,2,32,49,3,0,0,"The image depicts a landscape dominated by agricultural land, with approximately 49% dedicated to crops, 32% to grass, and 14% to scattered trees. A highway bisects the area, and a small cluster of built-up structures is present alongside a minor road, with a small area of shrubs visible in the lower right corner.","The scene depicts a predominantly agricultural landscape, with crop fields (49%) dominating the terrain and interspersed with patches of grass (32%) and tree cover (14%), while built-up areas (3%) and shrubs (2%) are sparse and localized, suggesting a rural setting with a major road cutting through the area.","The scene is primarily agricultural, with crop cover dominating at 49%, followed by grass (32%) and built-up areas (3%). Trees and shrubs are minor components of the landscape.","A highway dissects a landscape of agricultural fields and forested hills, with a small settlement situated near a river valley. Terraced slopes and a winding road network are visible throughout the area.","A rural landscape with patchwork agricultural fields, a winding road, and scattered small settlements nestled among rolling hills and forested areas."
N37E028_012_008.png,test,29,1,68,2,0,0,0,"The image depicts a landscape dominated by extensive areas of grass (68%), interspersed with patches of tree cover (29%) and a small amount of shrub (1%). A limited area of cultivated crops (2%) is also visible, alongside a network of linear features likely representing roads or drainage channels.","The scene depicts a predominantly grass-covered landscape (68%) interspersed with patches of tree cover (29%), forming a mottled, patchwork spatial pattern typical of rural or semi-arid terrain. Small areas of crop (2%) and sparse shrub (1%) are scattered throughout, suggesting localized agricultural activity within a largely natural, grass-dominated environment.","The scene is predominantly grassland, with grass covering 68% of the area, indicating a large open, likely natural or managed grassy landscape. Crop land accounts for only 2%, suggesting minimal agricultural activity.","The image depicts a landscape characterized by agricultural fields interspersed with forested areas and rocky terrain, suggesting a region with varied land use and significant topographic variation. A linear feature, likely a road or river, cuts through the lower portion of the scene.","The image displays a patchwork of agricultural fields and forested areas, with distinct geometric patterns of farmland interspersed with darker, continuous woodland cover across rolling terrain."
N39E043_015_030.png,test,0,0,90,0,0,10,0,"The image depicts a landscape dominated by extensive grassland (90%), interspersed with areas of barren land (10%). The terrain appears relatively flat with subtle variations in color suggesting minor topographic differences.","The scene is predominantly covered by grass, forming a continuous, textured mosaic that suggests natural or lightly managed vegetation, with scattered barren patches appearing as irregular, darker or more muted areas interspersed throughout.","The scene is predominantly grassland, indicating a large area of natural or managed pasture, with a small portion of barren land.","The image depicts a landscape dominated by reddish-brown, likely iron-rich, terrain with scattered patches of blue-green vegetation. Elevational variations are apparent, creating a rugged, hilly or mountainous surface.","The image depicts a rugged, arid landscape with patchy vegetation and scattered water bodies, indicative of a semi-desert or dryland environment with sparse human development."
N36E030_023_005.png,test,77,16,7,0,0,0,0,"The image depicts a landscape dominated by trees (77%), with scattered shrubs (16%) and minimal grass (7%), interspersed with a network of roads and a meandering stream. Evidence of past disturbance, likely from fire, is visible in the lighter, exposed areas within the forested region.","The scene depicts a predominantly forested landscape, with tree cover dominating at 77%, interspersed with shrublands (16%) and sparse grassy areas (7%), suggesting a dense, vegetated terrain likely in a mountainous or hilly region.","The scene is dominated by forest cover, with tree vegetation accounting for 77% of the land use, indicating a dense woodland or forested area. Smaller portions are occupied by shrubs and grass, suggesting a mix of natural vegetation typical of a mature forest ecosystem.","Dense forest covers a mountainous terrain with a network of roads and a meandering river valley. Patches of exposed rock and disturbed areas suggest past or ongoing human activity, likely related to resource extraction.","A rugged, mountainous terrain with dense forest cover interspersed by patches of cleared land and winding roads, suggesting human activity in a remote, elevated region."
N36E043_027_042.png,test,0,0,3,96,0,1,0,"The image depicts a landscape dominated by extensive agricultural fields (96%) interspersed with small patches of barren land (1%). A minimal amount of grass (3%) is visible, and the terrain appears to be characterized by rocky outcrops and linear features likely representing irrigation canals.","The scene is dominated by vast, uniform crop fields (96%), arranged in geometric patches across the landscape, with sparse grass (3%) and minimal barren land (1%) interspersed, suggesting intensive agricultural use.","The scene is predominantly agricultural, with 96% of the area covered by crops, indicating a large-scale farming landscape. Grass covers a small portion (3%), and only 1% is barren.","The landscape is dominated by arid, reddish-brown terrain interspersed with cultivated fields and extensive, dark-toned areas likely representing mining operations. A network of roads and drainage channels cuts through the region, highlighting the interaction between resource extraction and agricultural land use.","This satellite image depicts a dry, arid landscape dominated by patchwork agricultural fields and scattered settlements, with a prominent dark, irregularly shaped feature likely representing a large water reservoir or wetland."
N39E027_017_018.png,test,52,1,40,4,3,0,0,"The image depicts a landscape dominated by dense tree cover (52%) interspersed with significant areas of grass (40%), alongside a small amount of cultivated crop (4%) and minimal built-up areas (3%). A meandering river or stream is visible running through the terrain, likely influencing the distribution of vegetation and agricultural land.","The scene depicts a predominantly vegetated landscape dominated by tree cover (52%) and grass (40%), interspersed with small patches of crop fields (4%) and sparse built-up areas (3%), with a winding road cutting through the terrain.","The scene is predominantly forested, with trees covering 52% of the area, making it the dominant land use. Grasslands account for a significant portion at 40%, suggesting a mix of natural vegetation and open spaces, while shrubs, crops, and built-up areas are minor components.","Dense forest covers a hilly landscape interspersed with a meandering river and a road, while a small settlement is located along the riverbank. The terrain exhibits significant topographic variation with numerous valleys and ridges.","A rural landscape with patchwork agricultural fields and scattered settlements, bisected by a winding river and a major road, set within a hilly terrain."
N37E033_032_022.png,test,0,0,2,98,0,0,0,"The image depicts a landscape dominated by extensive agricultural fields, with approximately 98% covered in crops and only 2% consisting of sparse grass. The fields are arranged in a regular grid pattern, suggesting organized agricultural land management.","The scene displays a patchwork of agricultural fields, dominated by crop land (98%) arranged in a geometric grid, with sparse grass cover (2%) interspersed in smaller, irregular patches.","The scene is predominantly agricultural, with 98% of the area covered by crops, indicating a large-scale farming landscape. Grass covers only a small fraction, suggesting minimal natural or pasture land use.","The image depicts a landscape dominated by agricultural fields, arranged in a grid pattern, with areas of cultivated green and reddish-brown soil. A subtle, linear feature suggests a possible drainage channel or riverbed running through the region.","The image displays a patchwork of agricultural fields with varying shades of brown and green, indicating different crop types or soil conditions, interspersed with darker linear features likely representing irrigation channels or roads."
N39E031_029_033.png,test,29,0,69,0,0,2,0,"The image depicts a hilly landscape dominated by extensive grassland (69%) interspersed with areas of scattered trees (29%). A small portion of the terrain appears barren (2%), suggesting a varied topography with some exposed rock or soil.","The scene depicts a rugged, mountainous terrain where grass dominates the landscape (69%), interspersed with dense tree cover (29%) in valleys and slopes, while barren areas (2%) appear as sparse, rocky patches, suggesting a semi-arid or high-altitude environment.","The scene is predominantly grassland, with grass covering 69% of the area, indicating a natural or agricultural pasture. Trees make up a small portion (29%), suggesting scattered vegetation, while barren land is minimal at 2%.","The image depicts a mountainous region with sparse vegetation interspersed with brown, rocky terrain, suggesting arid or semi-arid land use. A small, light-colored area appears to be a snow-covered patch at a higher elevation.","A rugged, mountainous terrain with dense forest cover interspersed with patches of cleared land and scattered settlements, indicating mixed-use landscapes with human habitation nestled within the valleys."
N42E025_010_011.png,test,99,0,1,0,0,0,0,"The image depicts a heavily forested mountainous region dominated by trees (99%), with a small area of sparse grass (1%). A prominent river or stream meanders through the landscape, carving a path through the dense tree cover.","The scene is overwhelmingly dominated by dense tree cover, forming a continuous, textured canopy across the landscape, with only minor patches of grass visible. This suggests a forested or heavily wooded area, likely a natural or managed woodland ecosystem.","The scene is predominantly forested, with tree cover accounting for 99% of the land use, indicating a dense woodland or forested area. Grass coverage is minimal, suggesting sparse or transitional vegetation.","Dense, forested terrain dominates the landscape, interspersed with a meandering river and evidence of some disturbed areas along its banks. The image depicts a mountainous region with significant vegetation cover.","A rugged, forested mountainous region with dense green vegetation, interspersed with lighter-toned patches indicating cleared land or paths winding through the terrain."
N40E031_038_036.png,test,50,0,35,9,0,6,0,"The image depicts a landscape dominated by forest cover (50%), interspersed with significant areas of grassland (35%). A smaller proportion of the area is characterized by cultivated crops (9%), while barren land accounts for 6%, and a meandering river system is visible throughout the scene.","The scene depicts a mixed rural landscape dominated by dense tree cover (50%), interspersed with extensive grasslands (35%) and smaller patches of cultivated crop fields (9%) and barren land (6%), suggesting a region with significant natural forest and agricultural activity.","The scene is primarily wooded, with trees covering 50% of the area, making it the dominant land use. Grasslands account for a significant secondary portion at 35%, while crops and barren land make up smaller portions.","Dark forested areas dominate the landscape, interspersed with lighter, possibly cultivated, fields and a meandering river valley. A road is visible traversing the lower portion of the image, connecting the developed areas to the forested terrain.","A rugged, mountainous terrain with dense forest cover interspersed with patches of cleared land and winding roads, suggesting mixed-use landscapes in a high-elevation region."
N39E042_042_040.png,test,0,0,61,38,1,0,0,"The image depicts a landscape dominated by extensive grassland (61%) interspersed with cultivated crops (38%), with a small area of built-up land (1%) visible in the lower left corner. The terrain appears to be characterized by rolling hills and drainage channels, suggesting a potentially arid or semi-arid environment.","The scene is dominated by grasslands (61%), interspersed with patchy crop fields (38%) and sparse built-up areas (1%), suggesting a rural landscape where agriculture and natural vegetation coexist, with minimal urban development.","The scene is predominantly grassland, covering 61% of the area, with smaller portions dedicated to crops and minimal built-up infrastructure.","The landscape is dominated by arid, brown terrain with scattered patches of cultivated fields and a small settlement along a river channel. Erosion features and undulating hills suggest a semi-arid or desert environment.","The image depicts a patchwork of agricultural fields and sparse vegetation across rolling, arid terrain, with subtle variations in soil color and texture indicating different land uses and topographic features."
N39E031_010_038.png,test,1,0,49,44,2,4,0,"The image depicts a landscape dominated by agricultural land, with approximately 44% dedicated to crops, 49% to grass, and 1% to trees, interspersed with a small built-up area of 2% and 4% barren land. The terrain appears hilly, with a settlement situated in a valley between the cultivated fields and slopes.","The scene depicts a predominantly agricultural landscape, with vast expanses of crop fields interspersed with grasslands, and a small, scattered built-up area nestled within the terrain. Barren land and sparse tree cover are minor components, suggesting a rural, cultivated environment with limited urban development.","The scene is predominantly grassland, covering 49% of the area, with a significant portion (44%) dedicated to crops, indicating a mixed agricultural landscape.","A small settlement is situated within a hilly, arid landscape characterized by sparse vegetation and agricultural fields. A network of roads and a small body of water are visible within the surrounding terrain.","A small settlement nestled in a rugged, mountainous terrain with patchwork agricultural fields and scattered trees, bordered by a winding river or stream."
N40E040_011_026.png,test,99,0,1,0,0,0,0,"The image depicts a heavily forested mountainous region dominated by dense tree cover (99%), with a small area of grass visible. A network of river channels and linear features, likely roads or trails, are present within the forested terrain.","The scene is dominated by dense, continuous tree cover (99%), forming a lush, forested landscape with subtle variations in green tones suggesting topographic relief or canopy density. Sparse grass patches (1%) are barely visible, indicating minimal open ground or agricultural use within the predominantly forested area.","The scene is predominantly forested, with tree cover accounting for 99% of the land use, indicating a dense woodland or forested area. Grass cover is minimal, suggesting sparse or non-dominant ground cover.","Dense, green forest covers a mountainous terrain with evidence of linear features suggesting roads or trails. A darker area within the forest may indicate areas of disturbance or water.","A dense, forested mountainous region with varied green tones indicating different vegetation types and topography, bordered by a darker, possibly water-filled or shadowed valley in the lower right."
N40E039_024_029.png,test,24,0,67,0,0,9,0,"The image depicts a landscape dominated by extensive grassland (67%) interspersed with areas of scattered trees (24%) and some barren, rocky terrain (9%). A prominent, light-colored ridge or slope runs through the center of the image, suggesting a geological feature influencing the distribution of vegetation.","The scene depicts a rugged, mountainous terrain where grass dominates the landscape, interspersed with patches of tree cover and exposed barren rock, suggesting a natural, sparsely developed environment.","The scene is predominantly grassland, with extensive coverage of grass (67%), indicating a natural or agricultural pasture. Trees are present in smaller amounts (24%), and a small fraction (9%) is barren land.","The image depicts a rugged, mountainous landscape with extensive areas of sparse vegetation interspersed with exposed rock and soil. A prominent, darker drainage channel cuts through the terrain, suggesting a river or stream system.","A rugged, mountainous terrain with exposed rock and sparse vegetation, featuring a winding river or stream cutting through the valley and a small, possibly man-made, structure nestled in the upper slopes."
N40E040_012_024.png,test,90,0,10,0,0,0,0,"The image depicts a mountainous region dominated by dense forest cover (90%), with a network of terraced agricultural fields (10%) visible along the slopes. A river or stream flows through the lower portion of the image, contributing to the landscape’s varied terrain.","The scene is dominated by dense tree cover (90%), forming a continuous, dark green canopy across most of the landscape, with sparse grassy areas (10%) visible as lighter patches, particularly along winding paths and in lower-lying regions.","The scene is dominated by forest cover, indicating a primarily wooded land use with minimal open grassland.","Dense, dark green forest covers a mountainous region, interspersed with terraced agricultural fields and a meandering river. A network of roads and trails cuts through the landscape, indicating human activity within the forested area.","A rugged, forested mountainous region with winding roads and trails snaking through the terrain, bordered by a large river or lake in the lower right."
N39E037_033_044.png,test,0,0,99,1,0,0,0,"The image depicts a predominantly grassy landscape with a small area of cultivated crop, likely a field, situated within a region characterized by undulating terrain and a linear feature suggesting a river or drainage channel.","The scene is overwhelmingly dominated by grassland, covering 99% of the area with a textured, earthy-toned mosaic, while sparse, scattered crop fields occupy only 1% of the visible landscape.","The scene is predominantly grassland, indicating extensive natural or pasture land use with minimal agricultural coverage.","The image depicts a heavily eroded, arid landscape with extensive reddish-brown terrain, likely composed of sedimentary rock and sand dunes. A narrow, dark river channel cuts through the undulating surface, suggesting a past or present water source.","A rugged, arid landscape with sparse vegetation, featuring a winding river or stream cutting through the terrain and a small, clustered settlement nestled in a valley."
N40E042_026_022.png,test,77,0,23,0,0,0,0,"The image depicts a mountainous region dominated by dense forest cover (77%) interspersed with areas of exposed, reddish-brown soil and sparse grass (23%). A linear feature, likely a road or river channel, cuts through the landscape, connecting a cluster of buildings in the lower portion of the image.","The scene is dominated by dense tree cover (77%), forming large, irregular patches that intersperse with smaller areas of grassland (23%), suggesting a forested landscape with scattered open or transitional zones.","The scene is predominantly forested, with tree cover making up 77% of the land use, indicating a well-established woodland or forested area. Grass cover, at 23%, suggests some open or transitional zones, but the dominant land use is clearly forest.","Dense forest covers a mountainous region interspersed with exposed soil and a small settlement near a meandering river channel. The landscape exhibits significant erosion and disturbance, likely due to recent runoff.","A patchwork of forested hills interspersed with cleared, brown agricultural fields and a small cluster of buildings indicating a rural settlement nestled in a valley."
N36E042_039_018.png,test,0,0,0,100,0,0,0,"The image depicts an area dominated by agricultural land use, specifically 100% crop cultivation, characterized by a meandering river channel that appears to be dissected by the fields. The landscape exhibits a relatively flat topography with subtle variations in land cover.","The scene is entirely covered by agricultural cropland, with a winding river or stream cutting through the landscape, dividing the fields into distinct, irregular parcels. The uniform brown tones suggest dry or harvested fields, with the river providing a natural linear feature through the otherwise homogeneous agricultural expanse.","The scene is dominated by agricultural land use, with extensive croplands covering 100% of the area, indicating intensive farming activity.","The image depicts an area of agricultural land interspersed with a meandering river channel, likely within a semi-arid region. Sparse vegetation and cultivated fields dominate the landscape.","A winding river cuts through an arid, sparsely vegetated landscape, with its course marked by darker sediment and surrounded by patchwork agricultural fields and barren terrain."
N37E039_029_001.png,test,0,0,60,40,0,0,0,"The image depicts a landscape dominated by extensive areas of grass (60%) interspersed with cultivated crops (40%), situated alongside rugged, reddish-brown terrain and prominent rock formations.","The scene depicts a predominantly grassland landscape, with 60% coverage of natural vegetation, interspersed with 40% of cultivated crop fields, suggesting a rural or semi-arid agricultural region where farming is integrated into the natural terrain.","The scene is primarily dominated by grassland, covering 60% of the area, with a smaller portion (40%) occupied by crops. This indicates a landscape where natural pasture or open grassy areas are the dominant land use.","The image depicts a rugged, arid landscape with scattered settlements and extensive rocky terrain, likely indicative of a desert or semi-arid environment. A small, linear feature suggests a road or canal traversing the otherwise barren land.","A semi-arid landscape with patchy vegetation and scattered settlements, featuring a prominent river or seasonal waterway cutting through the terrain and defining the layout of agricultural fields and human habitation."
N39E037_018_003.png,test,1,0,23,64,6,6,0,"The image depicts a landscape dominated by agricultural fields (64%) interspersed with patches of grass (23%) and some barren land (6%), alongside a small area of built-up structures (6%). A prominent feature is a network of linear structures, likely railway tracks, extending through the agricultural area and alongside a rugged, reddish-brown terrain suggesting a mountainous or hilly region.","The scene is dominated by extensive crop fields (64%), interspersed with patches of grass and sparse trees, while a small built-up area with roads and structures lies along the lower edge, adjacent to a large barren or dry landmass.","The scene is predominantly agricultural, with 64% covered by crops, indicating a rural or farming-dominated landscape. Smaller areas are occupied by grass (23%) and built-up areas (6%), with minimal barren land (6%) and a small tree cover (1%).","The image depicts a region characterized by reddish-brown, arid terrain interspersed with a linear industrial complex and a residential area alongside a network of roads. A prominent canyon system cuts through the landscape, suggesting a rugged, mountainous environment.","A dry, arid landscape with patchy vegetation and terraced fields, featuring a prominent airport complex and adjacent urban development along a linear road."
N36E033_014_011.png,test,15,11,66,0,0,8,0,"The image depicts a landscape dominated by extensive grassland (66%), interspersed with scattered trees (15%) and shrubs (11%), while a small area of barren land (8%) is also visible. The terrain appears rugged and hilly, with evidence of drainage patterns and potentially some exposed rock formations.","The scene depicts a predominantly grass-covered landscape (66%) interspersed with patches of shrub (11%) and tree cover (15%), with barren areas (8%) forming scattered, drier zones—suggesting a semi-arid or transitional environment with varied vegetation density.","The scene is dominated by grass cover, indicating a largely open, grassland-dominated landscape with minimal tree and shrub cover. Barren areas are minor, suggesting sparse or disturbed ground.","The image depicts a rugged, mountainous terrain with extensive exposed rock and sparse vegetation, suggesting a semi-arid or arid environment. A network of drainage channels and river valleys cuts through the landscape, indicating fluvial erosion and potential alluvial deposits.","A rugged, mountainous terrain with dense forest cover in the upper elevations and a mix of cleared land and vegetation in the valleys, indicating varied land use including forestry and possibly agriculture or settlement."
N36E042_025_041.png,test,0,0,42,57,0,1,0,"The image depicts a landscape dominated by cultivated crops (57%) interspersed with areas of grass (42%), with a very small percentage of barren land (1%). The terrain exhibits a network of linear drainage channels and ridges, suggesting a gently sloping, potentially arid or semi-arid environment.","The scene is dominated by crop fields (57%) interspersed with grassland (42%), forming a patchwork of agricultural and natural vegetation across a largely arid, barren landscape (1%). The spatial layout suggests organized farming in a semi-arid region, with subtle variations in tone indicating different crop types or soil moisture.","The scene is predominantly agricultural, with crop cover accounting for 57% of the area, indicating a major crop cultivation zone. Grass covers a significant secondary portion (42%), suggesting some pasture or natural grassland use, while barren land is minimal at 1%.","The image depicts a heavily eroded, arid landscape characterized by extensive winding gullies and ridges, suggesting a region of desert or semi-arid land use. A small, light-colored area appears to be a rocky outcrop within the broader, reddish-brown terrain.","A rugged, arid landscape dominated by desert terrain with visible erosion patterns and winding dry riverbeds, indicative of sparse vegetation and minimal human development."
N40E037_000_032.png,test,99,0,1,0,0,0,0,"The image depicts a mountainous region dominated by dense forest cover (99%), with a small area of grass (1%) interspersed among the trees and concentrated around a network of winding roads and a few scattered buildings.","The scene depicts a predominantly forested mountainous region, with tree cover dominating 99% of the area and forming a dense, continuous canopy across rolling terrain. Sparse grass patches (1%) are interspersed, likely along slopes or in clearings, with faint linear features suggesting trails or roads winding through the landscape.","The scene is predominantly forested, with tree cover accounting for 99% of the land use, indicating a dense woodland or forested area. Grass cover is minimal, suggesting sparse or non-dominant ground cover.","Dense forest covers a mountainous region interspersed with a network of roads and small settlements. The terrain exhibits significant slope and drainage patterns, indicating a heavily forested, hilly landscape.","A mountainous region with dense green forest cover, interspersed with scattered settlements and winding roads that follow the terrain’s contours."
N37E037_042_004.png,test,23,0,72,0,0,5,0,"The image depicts a landscape dominated by reddish-brown barren terrain interspersed with patches of grass and a smaller area of trees, suggesting a semi-arid environment with some localized vegetation cover. The terrain appears rugged, with evidence of erosion and drainage patterns visible across the landscape.","The scene depicts a predominantly grass-covered landscape (72%) with scattered tree patches (23%) and sparse barren areas (5%), suggesting a semi-arid or savanna-like environment where vegetation is concentrated in patches, likely along waterways or in sheltered valleys.","The scene is predominantly grassland, with extensive natural vegetation covering most of the area, indicating a rural or open-field landscape.","The image depicts a landscape dominated by arid, reddish-brown terrain with extensive drainage patterns, interspersed with a patch of dense, green vegetation likely representing a riparian area or wetland. A rugged, mountainous region is visible along the left edge of the frame.","A rugged, arid mountainous region with sparse vegetation and scattered water bodies, transitioning into a more vegetated, possibly forested or agricultural area in the lower right."
N39E033_007_027.png,test,0,0,42,54,0,4,0,"The image depicts a landscape dominated by cultivated crops (54%) interspersed with areas of grass (42%), with a small proportion of barren land (4%). It shows a hilly or mountainous terrain with distinct linear features likely representing agricultural fields and a road running through the scene.","The scene shows a rugged, hilly terrain where crop fields dominate the landscape (54%), interspersed with extensive grasslands (42%) and small patches of barren land (4%), suggesting a mixed agricultural and natural land use pattern shaped by topography.","The scene is primarily agricultural, with crop cover dominating at 54%, indicating a largely farmed landscape. Grass covers a significant portion at 42%, suggesting some pasture or natural grassland areas, while barren land is minimal at 4%.","The image depicts a rugged, arid landscape with extensive agricultural fields and terraced hillsides, interspersed with darker, possibly barren, mountainous terrain. A winding road traverses the area, suggesting transportation and access to the cultivated lands.","A rugged, arid landscape with steep, eroded hills and valleys, featuring sparse vegetation and scattered human settlements along winding roads, indicative of a semi-desert or mountainous region with limited agricultural activity."
N36E039_000_016.png,test,0,0,85,9,1,5,0,"The image depicts a landscape dominated by extensive grassland (85%), with a small area of cultivated crops (9%). A thin strip of built-up area (1%) and scattered barren land (5%) are present, situated alongside a prominent linear feature likely representing a river or drainage channel.","The scene is dominated by expansive grasslands (85%), interspersed with small, scattered crop fields (9%) and minimal built-up areas (1%), with barren land (5%) forming irregular patches, particularly along drainage channels and ridges.","The scene is predominantly grassland, with extensive natural vegetation covering 85% of the area, indicating a rural or open-field landscape with minimal agricultural or urban development.","The landscape exhibits extensive layered sedimentary rock formations, interspersed with patches of vegetation and a small, dark water body. Sparse, scattered agricultural fields are present along a linear feature, likely a road or river channel.","A semi-arid landscape with winding river channels and terraced agricultural fields, featuring patches of dark green vegetation along waterways and a network of roads cutting through the terrain."
N37E028_025_015.png,test,78,1,12,5,2,2,0,"The image depicts a landscape dominated by dense tree cover (78%), with a smaller area of grass (12%) and a few scattered crops (5%) interspersed along a network of waterways and roads. A small area of built-up land (2%) is visible near the center of the image, alongside some barren ground (2%).","The scene is dominated by dense tree cover (78%), interspersed with patches of grass (12%) and small crop fields (5%), forming a largely forested landscape with scattered agricultural areas. A small built-up area (2%) and barren land (2%) are visible, suggesting limited human development and some natural or degraded patches within the predominantly wooded terrain.","The scene is predominantly forested, with trees covering 78% of the area, indicating a heavily wooded landscape. Small patches of grass and crop are present, but the dominant land use is forest.",A large industrial complex is situated along a river valley within a heavily forested mountainous region. Smaller agricultural fields and roads are interspersed among the forested areas.,"A small settlement or industrial complex is situated in a valley, surrounded by patchwork agricultural fields and intersected by winding roads and a river, with darker forested areas dominating the surrounding hills."
N39E040_012_013.png,test,1,0,10,89,0,0,0,"The image depicts a landscape dominated by cultivated crops (89%), interspersed with small areas of grass (10%) and minimal tree cover (1%). A network of roads and field boundaries are visible, suggesting an agricultural region with organized land parcels.","The scene is dominated by a patchwork of cultivated crop fields (89%), interspersed with smaller areas of grass (10%) and sparse tree cover (1%), indicating a highly agricultural landscape with organized, geometrically arranged farmland.","The scene is predominantly agricultural, with 89% coverage of crops, indicating a large-scale farming area. Grass covers a small portion (10%), suggesting limited pasture or natural vegetation, while trees are sparse at 1%.","The image depicts a landscape characterized by extensive agricultural fields, primarily divided into smaller plots, interspersed with roads and some areas of lighter-toned, possibly barren, ground. A linear feature, likely a river or stream, runs through the central portion of the scene.","The image displays a patchwork of agricultural fields in varying shades of green and brown, indicative of different crops or soil conditions, interspersed with roads and a small settlement. A river or stream runs along the upper left edge, defining a boundary within the otherwise arid, cultivated landscape."
N40E025_039_043.png,test,20,3,70,1,1,1,4,"The image depicts a landscape dominated by extensive grasslands (70%) interspersed with scattered trees (20%) and a small area of cultivated crops (1%). A ribbon of water (4%) forms a river or lake, flowing through a terrain characterized by rolling hills and a limited amount of built-up areas (1%) and barren land (1%).","The scene is dominated by grasslands (70%), interspersed with patches of tree cover (20%) and a prominent water body (4%), with smaller areas of shrub, crop, and built-up land, suggesting a rural landscape with agricultural and natural elements.","The scene is dominated by grass (70%), indicating a large area of open, natural or managed grassland. Small patches of tree, shrub, and crop suggest scattered vegetation and limited agricultural activity.","The image depicts a valley with agricultural land interspersed among forested hills, alongside a large reservoir and a winding river. A road system traverses the valley floor, connecting the developed areas with the surrounding terrain.","A river meanders through a landscape of mixed agricultural fields and forested areas, with a prominent reservoir or lake visible in the lower portion, bordered by developed zones and winding roads."
N37E028_020_012.png,test,66,8,26,0,0,0,0,"The image depicts a landscape dominated by tree cover (66%), interspersed with areas of grass (26%) and scattered shrubs (8%). Prominent linear features, likely drainage channels or riverbeds, cut through the terrain, suggesting a hilly or mountainous region with varying vegetation density.","The scene is dominated by dense tree cover (66%), interspersed with patches of shrubland (8%) and grass (26%), forming a fragmented landscape with distinct, irregular boundaries suggesting a mix of natural and possibly managed vegetation.","The scene is dominated by tree cover, indicating a forested or wooded land use, with significant grass cover suggesting open or pasture-like areas mixed in.","The area exhibits a mix of forested terrain and exposed, reddish-brown rock formations, likely indicating a mountainous region with significant erosion and limited vegetation cover. A prominent river channel winds through the landscape, suggesting a drainage system within the mountainous area.","The image displays a patchwork of agricultural fields and forested areas, with distinct linear boundaries suggesting human land management, and a prominent reddish-brown region indicating either exposed soil or a different land cover type."
N40E043_020_020.png,test,0,0,74,23,3,0,0,"The image depicts a landscape dominated by extensive grassland (74%) interspersed with cultivated crops (23%), with a small area of built-up land (3%) visible in the upper right corner. The terrain appears relatively flat with subtle undulations and linear features likely representing agricultural fields.","The scene is dominated by extensive grasslands, interspersed with smaller, patchy crop fields, and features a small, isolated built-up area in the upper right corner, indicating a rural landscape with minimal urban development.","The scene is predominantly grassland, covering 74% of the area, with minor contributions from crops and built-up surfaces.","The image depicts a heavily disturbed landscape with extensive agricultural fields and linear features likely representing irrigation canals, situated adjacent to an urban area. A prominent ridge or escarpment dominates the central portion of the scene.","The image depicts a rural landscape dominated by patchwork agricultural fields and scattered vegetation, with a small settlement visible in the upper right corner."
N40E043_034_041.png,test,0,0,94,0,0,6,0,"The image depicts a landscape dominated by extensive grassland (94%), interspersed with areas of barren land (6%). A prominent, linear drainage channel or river valley cuts through the terrain, suggesting a source of water supporting the vegetation.","The scene depicts a predominantly grass-covered landscape, with grass dominating 94% of the area and barren land making up only 6%, suggesting a largely vegetated but arid or semi-arid terrain with subtle topographic variation.","The scene is predominantly grassland, indicating open pasture or natural grassy vegetation covering most of the area. A small portion is barren, suggesting sparse or exposed ground with minimal vegetation.","The image depicts a rugged, arid landscape dominated by brown, rocky terrain and a narrow, vegetated river channel cutting through the hills. Sparse vegetation is concentrated along the river, suggesting a localized water source in an otherwise dry environment.","A rugged, arid landscape dominated by undulating hills and valleys with sparse vegetation, featuring winding watercourses that carve through the terrain, indicative of a semi-desert or dry steppe environment."
N40E034_044_012.png,test,0,0,48,49,0,3,0,"The image depicts a landscape dominated by extensive grasslands (48%) and cultivated crops (49%), interspersed with a small area of barren land (3%). A prominent network of river channels and associated terrain features, likely indicating a valley or drainage basin, cuts through the agricultural areas.","The scene depicts a rugged, hilly terrain dominated by extensive grasslands and interspersed crop fields, with sparse barren areas, suggesting a semi-arid agricultural landscape shaped by topography.","The scene is predominantly agricultural, with crops covering slightly more than half the area, and grasslands making up a close second. Barren land is minimal.","The image depicts a heavily eroded, reddish-brown landscape with extensive river valleys and dissected mesas, interspersed with small cultivated areas along a linear road. The terrain appears arid and mountainous, suggesting a semi-desert or dryland environment.","A rugged, arid landscape with deeply incised river valleys and terraced agricultural fields carved into the slopes, indicating human modification of a semi-arid mountainous region."
N39E034_014_040.png,test,6,0,44,48,1,1,0,"The image depicts a landscape dominated by agricultural land, with approximately 48% consisting of crops, 44% of grass, and 6% of scattered trees. A linear feature, likely a road or channel, cuts through the area, flanked by areas of barren land and interspersed with small patches of built-up areas.","The scene is dominated by agricultural land (48% crop) interspersed with grassland (44%), forming a patchwork across rolling terrain, with a narrow, dark linear feature likely a river or canal cutting through the landscape. Sparse tree cover (6%) and minimal built-up areas (1%) suggest a rural, predominantly agricultural setting with limited urban development.","The scene is primarily agricultural, with crops covering 48% of the area, making it the dominant land use, supplemented by extensive grass coverage.","The image depicts a landscape dominated by arid grasslands and scattered cultivated fields, intersected by a linear road and a narrow, vegetated drainage channel. Rolling terrain with varying shades of brown suggests a generally dry and sparsely vegetated environment.","A winding river cuts through a predominantly arid, sparsely vegetated landscape, with patches of darker green indicating agricultural fields or riparian zones along its banks."
N42E027_004_025.png,test,56,0,32,8,4,0,0,"The image depicts a hilly landscape dominated by dense tree cover (56%) interspersed with areas of grass (32%), with a small amount of cultivated crop (8%) and minimal built-up areas (4%). A prominent lake is situated within a valley, surrounded by forested slopes.","The scene depicts a mixed rural landscape dominated by dense tree cover (56%) interspersed with grasslands (32%) and small patches of agricultural crops (8%), with scattered built-up areas (4%) along roads and near water bodies, suggesting a semi-urban or peri-urban environment.","The scene is predominantly forested, with trees covering 56% of the area, indicating a significant natural woodland or forest cover. Grasslands make up a notable secondary land use at 32%, while crop and built-up areas are minor.","The area displays a mix of dense forest, a lake surrounded by reddish-brown terrain, and a road network cutting through agricultural fields. Steep slopes and valleys characterize the landscape, suggesting a mountainous or hilly region.","A mixed-land-use landscape featuring agricultural fields, dense forested hills, and a prominent river winding through the terrain, with a small settlement nestled along the riverbank."
N36E034_006_012.png,test,19,0,80,0,0,1,0,"The image depicts a landscape dominated by extensive grassland (80%) interspersed with scattered trees (19%), and a small area of barren land (1%). A prominent valley and associated road network are visible, suggesting a terrain with significant topographic variation and human infrastructure.","The scene depicts a predominantly grass-covered landscape (80%) with scattered tree patches (19%) and minimal barren areas (1%), suggesting a rural or semi-arid region with patchy vegetation and sparse human development.","The scene is predominantly grassland, with minimal tree cover and negligible barren areas, indicating a large-scale natural grassy landscape.","The image depicts a rugged, mountainous terrain with extensive road networks and scattered patches of vegetation, primarily in a dry, brown landscape. A dark valley and a linear feature likely represent a river or drainage channel cut through the hillside.","A rugged, mountainous terrain with terraced agriculture and scattered settlements along a winding river valley, indicating intensive land use in a hilly region."
N37E027_026_012.png,test,14,47,29,8,0,2,0,"The image depicts a landscape dominated by shrubland (47%) and grass (29%), interspersed with cultivated crop areas (8%) and scattered trees (14%). A small area of barren land (2%) is also visible, suggesting a varied terrain with agricultural activity and significant vegetation cover.","The scene depicts a rugged, terraced landscape dominated by shrub cover (47%) and grass (29%), with scattered patches of tree cover (14%) and small, fragmented crop fields (8%), suggesting a semi-arid or mountainous agricultural region with limited arable land.","The scene is dominated by shrub cover, accounting for 47% of the land use, with significant grassland (29%) and minor crop (8%) and barren areas. Shrub and grassland together form the primary vegetation cover.","The image depicts a heavily fragmented landscape dominated by agricultural fields and small settlements, situated within a rugged, hilly terrain characterized by dark, rocky outcrops. A narrow, winding waterway cuts through the lower portion of the scene.","A rugged, mountainous terrain with terraced agricultural fields carved into steep slopes, interspersed with patches of forest and small settlements nestled in the valleys."
N36E036_034_035.png,test,1,0,49,17,8,25,0,"The image depicts a landscape dominated by agricultural fields (17%) and extensive grassland (49%), interspersed with areas of barren land (25%) and scattered built-up areas (8%). A small percentage of the area is covered by sparse tree cover (1%).","The scene shows a predominantly grass-covered landscape (49%) interspersed with large areas of barren land (25%), suggesting a semi-arid or agricultural region. Smaller patches of crop fields (17%) and built-up areas (8%) are scattered throughout, indicating localized human activity and cultivation, while tree cover is minimal (1%) and confined to specific zones.","The scene is predominantly covered by grass (49%), with significant areas of barren land (25%) and crop fields (17%), indicating a mix of natural and agricultural land use. Built-up areas are minimal (8%), and trees are sparse (1%).","The image depicts a large-scale agricultural area, likely a rice paddy system, interspersed with urban development and industrial facilities within a hilly terrain. Extensive irrigation canals and fields dominate the landscape.","This satellite image reveals a semi-arid landscape with patchy urban development, agricultural fields, and winding waterways cutting through rugged, hilly terrain."
N40E037_037_038.png,test,66,0,33,0,1,0,0,"The image depicts a landscape dominated by dense tree cover (66%) interspersed with areas of grass (33%), with a small amount of built-up area (1%). A winding river or stream is visible cutting through the terrain, suggesting a valley or drainage pattern.","The scene is predominantly forested with tree cover dominating 66% of the area, interspersed with patches of grassland (33%) and sparse built-up areas (1%) that appear as small, fragmented developments, suggesting a rural or semi-rural landscape with minimal urbanization.","The scene is predominantly forested, with tree cover making up 66% of the land use, indicating a heavily wooded area. Grassland covers a significant but secondary portion, while built-up areas are minimal.",The landscape is dominated by dense forest interspersed with agricultural fields and a meandering river valley. A road and scattered patches of lighter vegetation suggest areas of disturbed land or open pasture.,"A mixed-land-use landscape featuring patchwork agricultural fields, dense forested areas, and winding waterways, indicative of a rural or semi-rural region with varied topography."
N40E039_015_025.png,test,10,0,90,0,0,0,0,"The image depicts a landscape dominated by extensive grassland (90%) interspersed with scattered trees (10%). A winding, light-colored feature, likely a road or drainage channel, cuts through the terrain, suggesting a relatively flat, possibly hilly, area with some topographic variation.","The scene depicts a predominantly grassland-dominated landscape (90%) with scattered tree cover (10%), suggesting a rural or semi-arid region where vegetation is patchy and interspersed with human infrastructure like roads and small water bodies.","The scene is predominantly grassland, indicating open fields or natural pasture with minimal tree cover.","The landscape exhibits a mix of forested areas, agricultural fields, and a meandering river valley dissected by a linear feature, likely a road or canal. Sparse vegetation and reddish-brown soils dominate the terrain, suggesting a semi-arid or degraded environment.","A satellite view of a mountainous region with patchwork agricultural fields, winding roads, and scattered settlements nestled in valleys, bordered by forested slopes and small water bodies."
N36E028_013_004.png,test,22,5,7,0,3,0,63,"The image depicts a coastal area dominated by a large body of water (63%), with a significant amount of built-up land (3%) clustered around the shoreline and extending into the adjacent hills. The remaining land is characterized by a mix of trees (22%), shrubs (5%), and grass (7%), suggesting a transition zone between the urban area and the surrounding natural vegetation.","The scene is dominated by a large body of water (63%) occupying the central area, with built-up areas (3%) clustered along the coastlines, and surrounding vegetation (Tree 22%, Shrub 5%, Grass 7%) covering the land in a patchy, low-density pattern.","The scene is predominantly water, covering 63% of the area, indicating a wetland, lake, or coastal environment with minimal terrestrial land use.","Dense urban development and coastal settlements fringe a large, deep bay, with mountainous terrain bordering the coastline. A harbor and smaller port facilities are visible along the shoreline.","A coastal urban area with dense development along the shoreline of a large, dark body of water, featuring a prominent pier or dock extending into the water and surrounded by rugged, sparsely vegetated terrain."
N40E030_003_019.png,test,25,0,16,57,1,1,0,"The image depicts a landscape dominated by cultivated crops (57%), interspersed with areas of trees (25%) and grass (16%), while a small built-up area and barren land represent only a minor portion of the scene. A network of roads and agricultural fields suggests an area primarily utilized for farming.","The scene is dominated by extensive crop fields (57%), interspersed with patches of tree cover (25%) and grass (16%), forming a patchwork rural landscape with minimal built-up areas (1%) and barren land (1%).","The scene is predominantly agricultural, with crop cover accounting for 57% of the area, indicating a large-scale farming landscape. Smaller portions are occupied by trees and grass, with minimal built-up and barren land.","The landscape is dominated by agricultural fields, interspersed with patches of woodland and a small settlement. A linear feature, likely a road or river, cuts through the area, connecting different sections of farmland.","A patchwork of agricultural fields in varying shades of green and brown dominates the landscape, interspersed with a small cluster of buildings and a winding road, suggesting rural land use in a temperate region."
N40E042_038_000.png,test,2,0,86,11,0,1,0,"The image depicts a landscape dominated by extensive grasslands (86%), interspersed with cultivated crops (11%) and a small area of barren land (1%). A significant patch of trees (2%) is visible along a ridgeline, suggesting a transition zone within a generally arid or semi-arid environment.","The scene is dominated by vast expanses of grassland (86%), interspersed with smaller patches of crop fields (11%) and sparse tree cover (2%), with minimal barren areas (1%) scattered throughout, suggesting a predominantly pastoral or agricultural landscape with low-density vegetation.","The scene is predominantly grassland, with over 80% coverage of grass, indicating a large open field or pasture area. Crop coverage is minor, suggesting limited agricultural activity in this region.","The landscape exhibits arid terrain with scattered patches of vegetation, primarily concentrated in a darker green area along a ridgeline. Extensive brown and tan expanses suggest dry grasslands or shrubland, interspersed with linear features likely representing drainage channels.","This remote sensing image depicts a rugged, mountainous terrain with patchwork agricultural fields and scattered settlements nestled in valleys, indicating a landscape shaped by both natural topography and human land use."
N40E033_025_036.png,test,1,0,39,45,3,12,0,"The image depicts a valley landscape dominated by cultivated crops (45%) and grassland (39%), with a small built-up area (3%) clustered around a road. Scattered barren land (12%) and a limited amount of trees (1%) are present throughout the surrounding hills and slopes.","The scene depicts a predominantly agricultural landscape with extensive crop fields (45%) interspersed with grasslands (39%), nestled within a rugged, hilly terrain. Small built-up areas (3%) and barren land (12%) are scattered across the slopes and valleys, indicating a mix of rural settlement and natural or degraded land.","The scene is predominantly agricultural, with crops covering 45% of the area, followed by grass (39%). Built-up and barren areas are minor components, indicating a rural or farmland-dominated landscape with limited urban development.","A small settlement is situated along a winding road within a rugged, arid mountainous landscape characterized by brown, rocky terrain and steep slopes. A prominent cliff face forms the backdrop of the valley, suggesting a canyon or gorge environment.","A small settlement nestled in a valley surrounded by rugged, arid hills, with a winding road and a prominent tower-like structure near the village."
N39E028_043_007.png,test,70,1,29,0,0,0,0,"The image depicts a landscape dominated by dense tree cover (70%), interspersed with patches of grass (29%) and a small amount of shrub (1%). A network of roads and trails cuts through the forested area, suggesting a region with significant transportation infrastructure.","The scene is dominated by dense tree cover (70%), forming a continuous, dark green canopy that blankets most of the landscape, interspersed with patches of lighter-toned grass (29%) and sparse shrubbery (1%), suggesting a forested or woodland area with some open or transitional zones.","The scene is dominated by trees, indicating a forested or wooded land use. Grass covers a significant but secondary portion, suggesting a mix of woodland and open grassy areas.",The landscape is dominated by dense forest interspersed with agricultural areas and a network of roads traversing hilly terrain. Patches of lighter vegetation suggest areas of disturbed land or open pasture.,"A mixed landscape of dense forest interspersed with cleared agricultural fields and linear roads, with a prominent river winding through the terrain and a small settlement visible near the center."
N39E028_027_008.png,test,39,1,42,18,0,0,0,"The image depicts a hilly landscape dominated by extensive areas of grass (42%) and scattered tree cover (39%), interspersed with cultivated crops (18%). A network of linear features, likely drainage channels or roads, cuts through the terrain.","The scene shows a patchwork of agricultural fields and natural vegetation, with grass dominating the landscape (42%) and crops covering 18% of the area, interspersed with tree cover (39%) and sparse shrubland (1%). The spatial layout reveals a mix of cultivated land and forested areas, suggesting a rural or semi-rural environment where agriculture and natural vegetation coexist.","The scene is primarily dominated by grassland (42%), with significant coverage of trees (39%), indicating a mix of natural vegetation and open grassy areas. Crop land (18%) suggests some agricultural activity, but the overall land use is characterized by extensive grass cover and forested patches.","The landscape exhibits a patchwork of cultivated fields and forested areas across rolling, hilly terrain. A small settlement is visible within the cultivated land, suggesting agricultural activity and human habitation.","The image displays a patchwork of agricultural fields interspersed with dense forested areas, with a winding river cutting through the landscape and a small settlement visible near the upper edge."
N37E030_035_004.png,test,0,0,95,2,0,3,0,"The image depicts a landscape dominated by extensive grassland (95%), with a small area of cultivated crops (2%) and minimal barren land (3%). The terrain appears uneven and textured, exhibiting a predominantly brown color palette.","The scene is dominated by grassland, covering 95% of the area with a mottled, textured appearance suggesting natural vegetation, while small, scattered patches of crop and barren land are visible, indicating minor human or natural disturbance.","The scene is predominantly covered by grass, indicating a large area of natural or managed pastureland. Minor portions are occupied by crops and barren land.","The image depicts a rugged, rocky terrain with a predominantly brown and reddish-brown color palette, likely representing barren or sparsely vegetated land. A small, bright area suggests a possible exposed rock outcrop or a reflective surface within the landscape.","The image depicts a rugged, rocky terrain with exposed bedrock and sparse vegetation, indicative of a mountainous or high-elevation region with minimal human development."
N39E028_024_013.png,test,29,5,54,11,1,0,0,"The image depicts a landscape dominated by extensive grassland (54%), interspersed with areas of tree cover (29%) and scattered shrubbery (5%). A small area of cultivated crops (11%) and minimal built-up development (1%) are present alongside a network of roads and waterways.","The scene depicts a predominantly grassland-dominated landscape (54%) interspersed with extensive tree cover (29%), forming a patchwork of natural vegetation, while smaller areas of crop fields (11%) and sparse built-up zones (1%) indicate localized human activity, likely along roads or settlements.","The scene is predominantly grassland, covering 54% of the area, with significant coverage of trees (29%) and minor contributions from crops and shrubs. Built-up areas are minimal.",Dense forest covers a hilly terrain interspersed with agricultural fields and a network of roads. Small settlements are visible within the cultivated areas.,"A patchwork of agricultural fields and forested areas covers rolling terrain, with a winding road and scattered settlements visible near a river valley."
N36E034_002_006.png,test,55,0,44,1,0,0,0,"The image depicts a landscape dominated by dense forest (55%) interspersed with extensive grasslands (44%), with a small area of cultivated crops (1%). A network of linear features, likely riverbeds or drainage channels, cuts through the terrain, suggesting a hilly or mountainous region.","The scene is dominated by dense tree cover (55%) interspersed with extensive grasslands (44%), with only minor patches of crop land (1%) scattered throughout, suggesting a predominantly natural, forested landscape with limited agricultural activity.","The scene is predominantly forested, with trees covering 55% of the area, indicating a forested landscape. Grasslands make up a significant secondary component at 44%, while crops are minimal at 1%.","Dense forest covers a mountainous region interspersed with agricultural fields and scattered urban areas. A prominent river valley cuts through the landscape, highlighting the terrain's drainage patterns.","A mixed-land-use landscape featuring dense forested areas interspersed with cleared agricultural fields and a prominent urban settlement, all situated within a valley bordered by rugged, forested mountains."
N40E040_019_008.png,test,96,0,4,0,0,0,0,"The image depicts a heavily forested mountainous region dominated by trees (96%), with a small area of grass (4%) visible along the waterways. Numerous winding river channels and ridges are present within the dense forest cover.","The scene is dominated by dense tree cover (96%), forming a continuous, lush green canopy across rolling terrain, with sparse grassy areas (4%) visible along linear features like roads or riverbanks, indicating a predominantly forested landscape with minimal open ground.","The scene is dominated by forest cover, indicating a primary land use of woodland or forested area. Grass covers a small fraction of the landscape, suggesting minimal open or agricultural land use.","Dense, forested terrain dominates the landscape, intersected by a network of winding rivers and roads. The area exhibits significant vegetation cover with evidence of human infrastructure within the forest.","A mountainous region with dense forest cover, featuring winding rivers and valleys, and small patches of human settlement or infrastructure along the waterways."
N37E040_004_013.png,test,1,0,7,84,7,1,0,"The image depicts a landscape dominated by extensive agricultural fields (84%) interspersed with a small area of built-up structures (7%) and a small amount of bare ground (1%). A limited amount of grass (7%) and scattered trees (1%) are present, alongside a network of roads and what appears to be a canal or irrigation channel.","The scene is dominated by vast, geometrically arranged crop fields (84%), interspersed with small patches of built-up areas (7%) and sparse grass and tree cover, indicating a rural agricultural landscape with localized human settlement.","The scene is predominantly agricultural, with 84% covered by crops, indicating a large-scale farming area. Small patches of grass, trees, and built-up areas suggest some natural and human infrastructure, but agriculture dominates the landscape.","The image depicts a landscape dominated by agricultural fields and a small settlement situated alongside a river channel. A road and a linear feature, possibly a canal or irrigation system, cut through the agricultural area.","The image displays a patchwork of agricultural fields in varying shades of brown, interspersed with a small settlement and a winding road, set against a backdrop of hilly terrain."
N39E034_007_038.png,test,24,0,46,6,13,8,3,"The image depicts a settlement surrounded by a mix of grassland (46%) and sparse tree cover (24%), with a significant area of built-up land (13%) and some cultivated crops (6%). A river and adjacent barren land (8%) are present, alongside a small amount of water (3%), suggesting a location near a waterway and potentially a transition zone between agricultural and more natural landscapes.","The scene features a small built-up area with clustered structures nestled in a valley, surrounded by extensive grasslands and tree cover on the slopes, with a narrow water body running through the center, indicating a rural landscape dominated by natural vegetation with localized human development.","The scene is primarily dominated by grass (46%), indicating a large area of natural or managed pasture. A significant portion of the land is also covered by trees (24%) and built-up areas (13%), suggesting a mix of natural vegetation and human development, with limited cropland and water coverage.","A small town is situated along a river valley within a predominantly arid, hilly landscape. A large body of water, likely a reservoir, dominates the river channel and surrounds the settlement.","A small town with dense built-up areas and surrounding agricultural fields is nestled in a valley, bordered by forested hills and a prominent river winding through the landscape."
N37E042_016_020.png,test,2,0,89,6,0,3,0,"The image depicts a landscape dominated by extensive grasslands (89%) interspersed with a small area of cultivated crops (6%) and patches of barren land (3%). A winding road cuts through the terrain, alongside a limited amount of scattered trees (2%), suggesting a region with significant open space and some agricultural activity within a mountainous setting.","The scene depicts a rugged, arid landscape dominated by grasslands (89%), with sparse tree cover (2%) and small patches of crop fields (6%) scattered across the terrain, while barren land (3%) highlights exposed, rocky or dry surfaces, particularly in the upper elevations.","The scene is predominantly covered by grass, indicating a large open field or pasture. A small portion is used for crops, with minimal tree and barren areas.","The image depicts a rugged, arid landscape with extensive red rock formations and a winding road traversing a narrow valley. Sparse vegetation and a small settlement are visible amidst the predominantly rocky terrain.","A rugged, arid canyon landscape with steep, layered rock walls and sparse vegetation, featuring a winding road and a small, bright settlement nestled in the valley floor."
N37E031_020_010.png,test,70,5,24,0,0,1,0,"The image depicts a landscape dominated by dense tree cover (70%) interspersed with areas of grass (24%) and sparse shrubbery (5%), with a small percentage of barren land (1%). The terrain appears to be hilly or mountainous, exhibiting patches of exposed soil and rock alongside the forested areas.","The scene shows a predominantly forested landscape with tree cover dominating at 70%, interspersed with patches of grass (24%) and sparse shrub and barren areas (5% each), suggesting a mixed woodland or savanna-like environment with clear spatial variation in vegetation density.","The scene is dominated by forest cover, with trees accounting for 70% of the land use, indicating a dense woodland or forested area. Grasslands make up a significant secondary component (24%), suggesting some open vegetation within or adjacent to the forest.","The landscape exhibits a mix of forested areas and extensive, light-colored, possibly disturbed or barren land, suggesting agricultural or urban development interspersed with natural terrain. Rolling hills and valleys are visible throughout the scene.","A mixed landscape of dense forested areas interspersed with cleared, patchwork agricultural fields and rugged terrain, indicative of human land use within a mountainous or hilly region."
N36E036_019_011.png,test,87,5,4,0,0,4,0,"The image depicts a mountainous region dominated by dense forest cover (87%), with a significant area of disturbed ground and exposed rock (4%) near a white, possibly mineral-rich, area. A network of trails and roads winds through the forested slopes, indicating human activity within this largely wooded landscape.","The scene depicts a predominantly forested mountainous region, with tree cover dominating 87% of the area, interspersed with patches of shrub, grass, and barren land, and showing signs of human activity such as roads and a possible mining or construction site in the lower-left quadrant.","The scene is predominantly forested, with dense tree cover covering 87% of the area, indicating a well-established woodland or forest ecosystem.","Dense forest covers a mountainous region interspersed with a large, light-colored open area likely representing a quarry or mining operation, while a developed urban area is visible in the upper left corner. A network of roads and trails winds through the forested slopes.","A mountainous region with dense forest cover, featuring a prominent open-pit mine in the lower left and a winding river cutting through the terrain, with scattered settlements visible along the ridges."
N42E025_002_033.png,test,94,0,6,0,0,0,0,"The image depicts a landscape dominated by dense forest cover (94%) interspersed with small patches of grass (6%), likely within a hilly or mountainous region characterized by exposed soil and drainage channels.","The scene depicts a predominantly forested landscape, with tree cover dominating 94% of the area and forming a continuous, undulating canopy across rolling hills and valleys. Sparse grassy patches (6%) are interspersed, likely indicating clearings, roads, or agricultural fields, creating a mosaic of dense woodland and minor open areas.","The scene is predominantly forested, with tree cover accounting for 94% of the land use, indicating a dense woodland or forested area. Grass cover is minimal at 6%, suggesting sparse or transitional vegetation.","The image depicts a mountainous region dominated by dense forest cover interspersed with areas of exposed, reddish-brown soil and scattered patches of lighter vegetation, likely indicating disturbed land or different vegetation types. A meandering river flows through the valley floor, carving through the terrain.","A hilly landscape with patchwork agriculture and forested areas, featuring a winding river cutting through the terrain and a small settlement near the water."
N40E042_003_020.png,test,4,0,81,13,0,2,0,"The image depicts a landscape dominated by extensive grassland (81%) interspersed with cultivated crops (13%) and a small area of barren land (2%). A significant forested area (4%) is visible along a meandering river channel, suggesting a region with varied agricultural and natural land cover.","The scene is dominated by vast expanses of grassland (81%), interspersed with smaller patches of crop fields (13%) and sparse tree cover (4%), with barren areas (2%) appearing as scattered, lighter-toned zones, likely indicating arid or disturbed land. A winding river cuts through the landscape, and a small settlement with associated infrastructure is visible along its course, suggesting localized human activity within an otherwise predominantly natural, grassy environment.","The scene is predominantly grassland, with over 80% coverage, indicating a large open area likely used for pasture or natural vegetation. Crop and tree coverage is minimal, suggesting limited agricultural activity or forested areas.","The landscape exhibits a mix of cultivated fields, scattered settlements, and a prominent, vegetated mountain range alongside a meandering river system. Sparse vegetation covers much of the lower-lying areas, suggesting a predominantly agricultural and potentially arid environment.","A mixed-land-use landscape featuring a winding river cutting through rolling terrain, with patches of dense forest, agricultural fields, and a small settlement near the riverbank, alongside a prominent industrial complex with visible infrastructure."
N37E042_004_006.png,test,2,0,95,2,0,1,0,"The image depicts a landscape dominated by extensive grasslands (95%), with a narrow band of dark, possibly mineral-rich soil along the lower edge, and a small area of barren land (1%). A minimal amount of crop (2%) and tree cover (2%) is also present within the broader grassy expanse.","The scene depicts a predominantly grassland expanse (95%), with sparse, patchy tree cover (2%) and minor crop fields (2%) scattered across the terrain, bordered by a narrow barren strip (1%) along the upper edge. The overall spatial layout suggests a semi-arid or dry grassland environment with minimal intensive agriculture.","The scene is predominantly covered by grass, indicating a large area of natural or managed grassland. Minimal tree, crop, and barren land use suggests this is a grass-dominated landscape, possibly a pasture or open field.","The image depicts a heavily eroded, reddish-brown landscape likely composed of sedimentary rock, with a distinct dark band possibly representing a river channel or ancient shoreline. Sparse vegetation is visible amidst the undulating terrain.","A rugged, arid landscape with extensive brown and tan terrain, featuring a distinct, winding waterway or riverbed cutting through the scene, bordered by darker, possibly vegetated or wetter zones along its edges."
N42E025_035_037.png,test,1,0,6,93,0,0,0,"The image depicts a landscape dominated by cultivated crops (93%), with scattered patches of grass (6%) and minimal tree cover (1%). A meandering watercourse cuts through the agricultural fields, suggesting a potential irrigation or drainage system within the region.","The scene is dominated by vast, geometric crop fields (93%), interspersed with narrow strips of grass (6%) and sparse tree cover (1%), suggesting a highly agricultural landscape organized in a grid-like pattern.","The scene is predominantly agricultural, with 93% of the area covered by crops, indicating a large-scale farming landscape.","The image depicts an agricultural landscape characterized by cultivated fields and irregular patches of darker vegetation, likely wetlands or riparian areas, alongside a meandering river channel. A road and scattered residential areas are visible along the upper edge of the frame.","The image displays a patchwork of agricultural fields in varying shades of green and brown, interspersed with a winding river and a small cluster of buildings, indicating rural land use with a prominent water feature."
N39E043_045_039.png,test,0,0,96,2,0,2,0,"The image depicts a predominantly grassy landscape with a small area of cultivated crops, interspersed with barren land. A prominent, meandering channel or wadi is visible, suggesting a fluvial feature within the extensive grassland area.","The scene is dominated by vast expanses of grassland, with sparse, irregular patches of crop fields and barren land scattered across the terrain, suggesting a semi-arid or pastoral landscape with limited agricultural activity.","The scene is predominantly grassland, with extensive natural vegetation covering nearly 96% of the area. Crop and barren land make up a small fraction, indicating minimal agricultural or disturbed land use.","The image depicts a vast, arid landscape dominated by reddish-brown terrain and a meandering river channel, likely indicating a semi-arid or desert environment with limited vegetation. The terrain appears to be largely uncultivated, with rocky outcrops and a relatively flat floodplain.","A semi-arid landscape with patchy vegetation and winding watercourses, featuring a prominent meandering river or seasonal stream cutting through a rugged, hilly terrain with sparse, scattered green areas indicating limited agriculture or natural riparian zones."
N39E028_036_030.png,test,68,4,28,0,0,0,0,"The image depicts a hilly landscape dominated by dense tree cover (68%), interspersed with areas of grassland (28%) and a small amount of shrub vegetation (4%). A prominent river or stream meanders through the terrain, cutting through the forested areas and creating a distinct drainage pattern.","The scene depicts a predominantly forested landscape with tree cover dominating at 68%, interspersed with patches of grassland (28%) and sparse shrubbery (4%), suggesting a mixed-use terrain likely shaped by both natural vegetation and agricultural or managed land.","The scene is primarily forested, with trees covering 68% of the area, indicating a dominant land use of woodland or forest. Grassland makes up a significant portion (28%), suggesting some open or pasture-like areas, but the forest remains the dominant land cover.","The landscape consists primarily of forested hills and valleys, interspersed with areas of exposed rock and disturbed ground. A meandering river flows through the lower portion of the image, carving a channel through the terrain.","A mountainous region with dense forest cover interspersed with patches of agriculture and small settlements, featuring a winding river cutting through the terrain."
N42E043_022_043.png,test,10,0,88,0,0,2,0,"The image depicts a mountainous region dominated by extensive grasslands (88%) interspersed with scattered tree cover (10%) and minimal barren land (2%). A prominent river channel winds through the valley, carving through the terrain and highlighting the undulating landscape.","The scene depicts a predominantly grass-covered landscape, with scattered tree patches and minimal barren areas, suggesting a vast, open terrain with sparse vegetation and natural, undulating topography.","The scene is predominantly covered by grass, indicating a vast open grassland or pasture area with minimal tree cover and little to no barren land.","The image depicts a mountainous region with extensive brown, possibly forested, slopes and a meandering river valley. A small, vegetated area appears to be located on a higher elevation within the mountain range.","A rugged, mountainous terrain with dense forest cover in the upper elevations and scattered settlements along river valleys, indicating mixed land use with natural vegetation dominating and human activity concentrated near waterways."
N40E042_009_020.png,test,74,0,26,0,0,0,0,"The image depicts a landscape dominated by dense forest (74%) interspersed with patches of grassland (26%), with a prominent river or stream channel cutting through the forested area. A light-colored, possibly alluvial, area is visible along the riverbank.","The scene is dominated by dense tree cover (74%), forming a continuous, rugged forest canopy across rolling terrain, with patches of grass (26%) interspersed along ridges and in cleared areas, suggesting a mixed-use landscape with natural forest and possibly agricultural or managed land.","The scene is dominated by tree cover, indicating a forested or wooded land use. Grass covers a smaller portion, suggesting a mix of natural vegetation with limited open or agricultural areas.","Dense forest covers a mountainous region, interspersed with a light-colored alluvial plain and a meandering river channel. A road cuts through the landscape, indicating human presence and potentially agricultural activity in the surrounding areas.","A forested mountainous region with winding roads and a large, irregularly shaped lake or reservoir nestled in the valley, surrounded by dense green vegetation and patches of cleared or agricultural land."
N37E042_012_008.png,test,4,0,86,8,0,2,0,"The image depicts a landscape dominated by extensive grasslands (86%) interspersed with small areas of cultivated crops (8%) and minimal tree cover (4%). Significant barren land (2%) is visible, particularly along the rugged, rocky terrain and drainage channels present throughout the scene.","The scene depicts a predominantly grass-covered landscape (86%), interspersed with smaller patches of crop fields (8%) and sparse tree cover (4%), with barren areas (2%) appearing as rugged, exposed terrain, likely in a hilly or mountainous region.","The scene is predominantly grassland, with grass covering 86% of the area, indicating a large open field or pasture. Small patches of crops and trees are present, while barren land makes up a minor portion.","The image depicts a rugged, arid landscape characterized by extensive rock formations and canyons, likely a desert or semi-arid region with sparse vegetation. Small, clustered structures suggest potential human settlements or infrastructure within the terrain.","A rugged, arid mountainous region with sparse vegetation, featuring winding roads and scattered settlements nestled in valleys and along ridgelines."
N36E033_027_030.png,test,45,23,31,0,0,1,0,"The image depicts a hilly landscape dominated by dense tree cover (45%) interspersed with areas of grass (31%) and shrub (23%), with a small settlement located on the lower slopes. A small amount of barren land (1%) is also visible, suggesting a varied terrain with significant vegetation.","The scene depicts a rugged, terraced landscape dominated by tree cover (45%) interspersed with shrub (23%) and grass (31%), with minimal barren areas (1%), suggesting a semi-arid or mountainous region with patchy vegetation and human-modified terrain.","The scene is dominated by tree cover, indicating a forested or wooded landscape with significant canopy cover. Grassland covers a substantial portion, suggesting a mix of woodland and open grassy areas, while shrubs and barren land are minor components.","The landscape consists primarily of agricultural fields and forested hills, with a small settlement clustered along a riverbank. A prominent, darker green area represents a significant forested region within the hilly terrain.","A rugged, mountainous terrain with patchwork agricultural fields and scattered settlements, featuring a prominent river cutting through the valley and dense forested areas along slopes and ridges."
N36E043_021_040.png,test,0,0,68,8,0,24,0,"The image depicts a rugged, mountainous landscape dominated by extensive grasslands (68%), interspersed with small cultivated crop areas (8%) and significant barren land (24%). A network of roads and drainage channels are visible throughout the terrain, suggesting a region with varied topography and potential for water management.","The scene depicts a predominantly arid, hilly landscape with sparse vegetation, where grasslands cover most of the terrain, interspersed with small, scattered crop fields and patches of barren land along roads and in valleys.","The scene is predominantly grassland, covering 68% of the area, with minor patches of crop and barren land. Grassland is the dominant land use.","The image depicts a rugged, mountainous terrain with extensive road networks and scattered patches of vegetation, suggesting a region with significant human development and limited natural cover. A meandering river flows through the valley floor, carving a path through the arid landscape.","A rugged, arid landscape with terraced hills and sparse vegetation, featuring a winding riverbed and a small, isolated settlement nestled in a valley."
N36E042_017_039.png,test,1,0,24,7,6,8,54,"The image depicts a coastal area dominated by water (54%), with a significant amount of barren land (8%) and developed areas (6%) along the shoreline. A network of roads and a small area of cultivated crops (7%) are present, interspersed with patches of grass (24%) and sparse tree cover (1%).","The scene is dominated by water (54%), forming a large coastal body with several small islands, while the surrounding land is mostly barren (8%) and grass (24%), with scattered built-up areas (6%) and minor crop patches (7%), suggesting a sparsely populated coastal zone.","The scene is predominantly water, covering 54% of the area, with grass as the next most common land cover. This suggests a landscape dominated by water bodies, such as lakes or wetlands, with some grassy areas and minor patches of crop and built-up land.","The image depicts a coastal area with a network of roads and buildings situated on a rocky, arid landscape adjacent to a dark body of water. Distinctive, elongated landforms extend into the sea, likely islands or peninsulas.","A coastal settlement with dense urban development and surrounding roads hugs a rugged shoreline, adjacent to dark ocean waters and small offshore islands."
N40E028_035_004.png,test,18,1,25,55,0,1,0,"The image depicts a landscape dominated by cultivated crops (55%), interspersed with areas of grass (25%) and scattered trees (18%). A small area of barren land (1%) and sparse shrub cover (1%) are also present, with a network of roads and structures visible throughout the scene.","The scene depicts a predominantly agricultural landscape, with crop fields (55%) forming the dominant land use, interspersed with patches of grass (25%) and tree cover (18%), while shrub and barren areas are minimal. A small settlement with light-colored structures is visible, surrounded by cultivated fields and a winding road.","The scene is dominated by crop cultivation, covering 55% of the area, with significant grass coverage and minor contributions from trees and barren land.","The landscape is dominated by agricultural fields interspersed with patches of woodland, while several rectangular structures likely represent buildings or industrial facilities. A network of roads and small streams meander through the terrain.","A patchwork of agricultural fields dominates the landscape, interspersed with clusters of buildings and roads, suggesting rural settlement. A winding river or stream cuts through the terrain, bordered by darker vegetation and a small dam or weir structure."
N42E043_017_017.png,test,100,0,0,0,0,0,0,"The image depicts a heavily forested mountainous region dominated by dense tree cover (100%), with evidence of terrain variability and some exposed rocky areas. A small stream or river is visible winding through the lower portion of the scene.","The scene is entirely covered by dense tree canopy, forming a continuous, undulating forested landscape across rolling hills and valleys, with subtle variations in green and brown tones indicating diverse vegetation or topographic shading.","The scene is dominated by forest land use, with 100% coverage of trees, indicating a dense, intact woodland or natural forest area.","The image depicts a heavily forested mountainous region with significant areas of exposed rock and soil, suggesting a landscape shaped by erosion and potentially active geological processes. A small body of water is visible along the lower portion of the image, likely a stream or lake.","A rugged, mountainous terrain with dense green vegetation and exposed brown earth, featuring a winding river or stream cutting through the valley and a small settlement or cluster of buildings near the upper right ridge."
N39E031_013_039.png,test,0,0,28,46,0,26,0,"The image depicts a landscape dominated by agricultural fields (46%) interspersed with areas of grass (28%) and barren land (26%). The visible fields appear to be arranged in a grid-like pattern, suggesting cultivated crops, with patches of grassland and exposed soil present throughout the scene.","The scene depicts a rugged, arid landscape dominated by barren land (26%), with extensive crop fields (46%) and patches of grass (28%) interspersed across the terrain, suggesting a semi-agricultural region adapted to uneven topography.","The scene is primarily agricultural, with crops covering the largest portion of the area (46%), indicating a dominant farmland use. Grasslands and barren areas make up the remainder, suggesting some natural or fallow land within the landscape.","The image depicts a heavily eroded, arid landscape with extensive gullies and patterned ground, interspersed with cultivated fields. A prominent, deeply incised channel dominates the central area, suggesting a significant drainage system within a desert or semi-arid environment.","This remote sensing image depicts a rugged, arid landscape dominated by steep, eroded mountain ridges and deep gullies, indicative of sparse vegetation and minimal human land use."
N36E030_017_022.png,test,96,2,1,0,0,1,0,"The image depicts a heavily forested mountainous region dominated by trees (96%), with a meandering river cutting through the landscape and interspersed with small areas of barren land (1%).","The scene is dominated by dense tree cover (96%), forming a continuous, lush green canopy across rolling terrain, with a network of light-colored, winding roads or rivers cutting through the landscape. Minor patches of shrub, grass, and barren land are sparsely distributed, indicating a largely forested and minimally disturbed natural environment.","The scene is dominated by dense tree cover, indicating a forested or wooded land use.","Dense forest covers a mountainous region, with a prominent river winding through the valleys and creating a network of channels. Scattered rocky outcrops and some evidence of human infrastructure are visible within the forested landscape.","A mountainous region with dense forest cover, featuring a prominent river system carving through the terrain and a network of roads or trails winding along the valleys and slopes."
N36E028_005_025.png,test,89,9,2,0,0,0,0,"The image depicts a mountainous region dominated by dense forest cover (89%), with scattered areas of shrub (9%) and minimal grass (2%). A prominent, meandering river channel cuts through the landscape, highlighting the terrain's ruggedness and potentially indicating areas of disturbed land along its banks.","The scene depicts a predominantly forested mountainous region, with dense tree cover dominating 89% of the area, interspersed with smaller patches of shrubland and grass. A network of winding roads and cleared areas suggests human activity within the otherwise largely natural, tree-dominated landscape.","The scene is dominated by tree cover, indicating a forested or wooded land use.","Dense forest covers a mountainous region with a meandering river cutting through the landscape, interspersed with areas of exposed rock and disturbed vegetation. Patches of lighter coloration suggest potential recent deforestation or agricultural activity.","A mountainous region with dense forest cover interspersed with cleared patches and winding roads, indicating mixed land use including agriculture or settlement in a rugged terrain."
N36E037_030_010.png,test,0,0,10,85,2,3,0,"The image depicts a landscape dominated by agricultural land, with approximately 85% covered in crops and 10% in grass. A small area of built-up land and barren ground are interspersed within the agricultural fields, alongside a network of roads and drainage channels.","The scene is dominated by vast, geometrically arranged crop fields (85%), interspersed with small patches of built-up areas (2%) and sparse barren land (3%), with grass covering only a minor portion (10%) in the periphery.","The scene is predominantly agricultural, with 85% of the area covered by crops, indicating a rural or farming landscape. Grass covers a small portion, suggesting limited natural vegetation or pasture, while built-up and barren areas are minimal.","The image depicts a region dominated by agricultural fields and sparse settlements, interspersed with a network of linear features likely representing irrigation canals. A significant area of reddish-brown terrain suggests a potentially arid or semi-arid environment.","A patchwork of agricultural fields and rural settlements is interspersed with linear roads and waterways, set against a backdrop of arid, sparsely vegetated terrain with a prominent river or canal running diagonally."
N36E042_035_010.png,test,0,0,8,91,0,1,0,"The image depicts a landscape dominated by extensive agricultural fields (91%) interspersed with a small area of grass (8%) and minimal barren land (1%). A settlement is visible in the upper left, surrounded by a network of roads and agricultural infrastructure.","The scene is dominated by vast, geometrically arranged crop fields (91%), indicating intensive agriculture, with sparse grass patches (8%) and minimal barren land (1%) scattered across the landscape. A small cluster of buildings suggests a rural settlement nestled within the agricultural expanse.","The scene is predominantly agricultural, with 91% of the area covered by crops, indicating a large-scale farming landscape. Grass covers a small portion (8%), and only 1% is barren.","The image depicts a sparsely vegetated, arid landscape with cultivated fields and a small settlement clustered near a network of roads. Terraced hills and extensive, light-colored plains dominate the terrain.","A dry, arid landscape with patchwork agricultural fields and a small clustered settlement, intersected by linear roads and drainage channels."
N36E039_022_018.png,test,0,0,14,82,0,4,0,"The image depicts a landscape dominated by cultivated crops (82%), with scattered areas of grass (14%) and minimal barren land (4%). A small settlement and a network of roads are visible alongside a meandering watercourse, suggesting an agricultural region with some natural drainage features.","The scene is dominated by vast, uniform crop fields (82%), interspersed with small patches of green grass (14%) and sparse barren land (4%), suggesting an agricultural landscape with organized farming and minimal natural vegetation.","The scene is predominantly agricultural, with 82% of the area covered by crops, indicating a large-scale farming landscape. Grass covers a small portion (14%), and 4% is barren land.","The image depicts a sparsely vegetated, arid landscape with a small settlement and cultivated fields clustered along a river channel, surrounded by extensive, rolling hills and drainage networks. A network of roads and scattered, small structures are visible throughout the area.","A dry, arid landscape with sparse vegetation, featuring a small settlement and intersecting roads, bordered by faint topographic ridges and a distinct dark green patch indicating irrigated agriculture."
N37E034_000_033.png,test,5,0,24,37,22,12,0,"The image depicts a landscape dominated by agricultural land (37% crop, 24% grass) interspersed with a significant built-up area (22%) and patches of barren land (12%). Scattered trees (5%) are present throughout the region, primarily concentrated around the developed areas and fields.","The scene features a patchwork of agricultural fields (dominant crop cover) interspersed with built-up areas, including a dense urban settlement along the right edge, with smaller clusters of buildings and roads scattered throughout. Barren and grassy areas occupy the remaining space, suggesting a mixed-use rural-urban landscape.","The scene is primarily agricultural, with crops covering 37% of the area, making them the dominant land use. Grass and built-up areas are present in moderate amounts, while tree and barren land cover smaller portions.","The image depicts a mixed landscape of agricultural fields, residential areas with scattered buildings, and a network of roads, primarily concentrated around a larger, open area with what appears to be a recreational facility. Rolling hills and forested areas are interspersed throughout the region.","A patchwork of agricultural fields and scattered rural buildings transitions into a dense urban area with grid-like streets and clustered housing along a major road, bordered by a river or canal."
N40E043_001_032.png,test,0,0,95,5,0,0,0,"The image depicts a landscape dominated by extensive grassland (95%), with a small area of cultivated crops (5%). A meandering river or stream is visible, cutting through the predominantly grassy terrain.","The scene is dominated by vast expanses of grassland, covering 95% of the area, with scattered, narrow strips of crop fields making up the remaining 5%, likely following natural topographic contours or waterways.","The scene is predominantly grassland, with only a small fraction covered by crops. Grassland is the dominant land use.","The image depicts a landscape dominated by arid or semi-arid terrain with scattered patches of vegetation along a meandering river channel. A significant area appears to be sparsely vegetated, likely representing grasslands or shrubland, while a darker green area suggests a riparian zone or wetland.","A rugged, arid landscape with patchy green vegetation along river valleys and water bodies, indicating sparse agriculture or natural riparian zones in a semi-desert environment."
N36E042_024_005.png,test,0,0,13,86,0,1,0,"The image depicts a landscape dominated by cultivated crops (86%), with a small area of grass (13%). A linear feature, likely a drainage channel or irrigation system, cuts through the terrain alongside a cluster of structures, suggesting an agricultural area with some sparse vegetation.","The scene is dominated by extensive crop fields (86%), arranged in geometric patterns across a dry, hilly terrain, with sparse grass (13%) and minimal barren land (1%) interspersed, suggesting intensive agricultural use in an arid or semi-arid environment.","The scene is predominantly agricultural, with 86% coverage of crops, indicating a large-scale farming landscape. Grass covers a small portion (13%), likely in transitional or marginal areas, while barren land accounts for just 1%.","The image depicts a sparsely vegetated, arid landscape with a linear drainage channel cutting through reddish-brown terrain, and a small, clustered settlement situated near the channel’s course. Elevated, rolling hills are visible in the background, suggesting a mountainous or hilly region.","A small settlement with clustered buildings sits in a dry, arid landscape, surrounded by patchwork agricultural fields and intersected by a prominent linear road or irrigation channel."
N40E042_031_003.png,test,3,0,92,2,2,1,0,"The image depicts a landscape dominated by extensive grassland (92%) interspersed with a small area of built-up structures (2%) and a minor presence of crops (2%). The terrain appears hilly and rocky, with a small amount of barren land (1%) and sparse tree cover (3%) visible throughout the scene.","The scene depicts a predominantly grass-covered landscape with scattered, small patches of crop fields and a minor built-up area, suggesting a rural setting with limited human development. A small cluster of buildings is nestled within the terrain, surrounded by vast expanses of natural vegetation and minimal barren land.","The scene is predominantly covered by grass (92%), indicating a large area of natural or managed pasture, with minimal crop, built-up, or barren land use.","A densely populated urban area is situated within a rugged, mountainous terrain characterized by brown and reddish-brown vegetation. A network of roads and buildings suggests a developed settlement amidst a hilly landscape.","A small clustered settlement sits in a valley surrounded by rugged, forested mountains, with visible roads and patches of cleared land indicating human activity in a predominantly natural, hilly terrain."
N40E028_019_042.png,test,75,0,1,0,4,1,19,The image depicts a coastal area dominated by dense forest (75%) adjacent to a shoreline with a developed urban area (4%) and a significant body of water (19%). A small area of barren land is visible near the transition between the forest and the built-up zone.,"The scene depicts a coastal area dominated by dense tree cover (75%) on rolling hills, with a small built-up zone (4%) clustered along the shoreline and a significant water body (19%) forming the coastline. Sparse grass and barren areas (2%) are interspersed, highlighting a natural landscape with limited human development.","The scene is predominantly forested, with 75% tree cover indicating a dense woodland or forested area, while water bodies account for 19% of the landscape. Built-up and grassy areas are minimal, suggesting sparse human development and limited agriculture or open land.",Dense forest covers a mountainous region adjacent to a coastal area with a developed town and a large industrial complex. A river flows through a valley between the forest and the town.,"A coastal settlement with dense urban development and agricultural patches is nestled along a rugged shoreline, bordered by steep, forested mountains and a dark ocean."
N40E040_039_032.png,test,2,0,86,12,0,0,0,"The image depicts a landscape dominated by extensive grassland (86%) interspersed with cultivated crops (12%), alongside a narrow band of trees (2%). A winding river or stream channel cuts through the terrain, contributing to the varied land cover and suggesting a potentially arid or semi-arid environment.","The scene depicts a predominantly grassland landscape (86%) interspersed with patchy crop fields (12%) and sparse tree cover (2%), suggesting a rural or semi-arid agricultural region where natural vegetation dominates but human cultivation is widespread.","The scene is predominantly covered by grass, indicating a large area of natural or managed pastureland, with minimal tree cover and a small fraction dedicated to crop production.","The image depicts a landscape with agricultural fields interspersed among arid, reddish-brown terrain, likely a desert or semi-arid region, alongside a meandering river channel. A road and a darker green area suggest vegetation and potentially a riparian zone along the river.","A river meanders through a rugged, arid landscape characterized by patchwork agricultural fields and sparse vegetation, with a prominent mountain range forming a natural boundary to the north."
N39E043_016_000.png,test,1,0,29,61,4,4,1,"The image depicts a landscape dominated by cultivated crops (61%), interspersed with areas of grass (29%) and barren land (4%), alongside a narrow road and a small built-up area (4%). A small amount of water (1%) is visible, and minimal tree cover (1%) is present throughout the scene.","The scene is dominated by extensive crop fields (61%), interspersed with patches of grass and scattered built-up areas, with a winding road cutting through the landscape and small water bodies visible in the lower right.","The scene is primarily agricultural, with crop cover accounting for 61% of the land, indicating a predominantly farmed landscape. Small areas of grass and built-up land are present, with minimal barren and water features.","The image depicts a landscape dominated by arid, brown terrain with scattered cultivated fields and a prominent, dark road cutting through a valley. A small, light-colored structure is visible near the road, likely a building or facility.","A rugged, hilly terrain with patchy agricultural fields and a winding road cutting through the landscape, bordered by a developed area with structured buildings and infrastructure on the right."
N40E036_010_041.png,test,58,0,40,2,0,0,0,"The image depicts a mountainous region dominated by dense tree cover (58%) and extensive grassy areas (40%), with a small area of cultivated crops (2%). A winding river or stream is visible traversing the landscape, cutting through the terrain and flowing through the forested and grassy areas.","The scene depicts a predominantly forested landscape with tree cover dominating at 58%, interspersed with patches of grassland (40%) and small, scattered crop areas (2%), suggesting a rural or semi-rural setting with natural vegetation as the primary land use.","The scene is predominantly forested, with trees covering 58% of the area, indicating a significant woodland or forest land use. Grasslands make up a substantial secondary portion, while crops are minimal.","The image depicts a mountainous region with dense vegetation, primarily agricultural land and forested slopes, intersected by a winding river channel. A small settlement is visible along the riverbank, suggesting localized human activity within the landscape.","A mountainous region with dense green forests interspersed with cultivated fields and winding river valleys, featuring scattered settlements and roads along the terrain."
N40E034_010_000.png,test,69,0,25,2,1,3,0,"The image depicts a mountainous region dominated by dense forest cover (69%), interspersed with areas of grassland (25%) and a small amount of barren land (3%). A thin strip of built-up area (1%) and a few scattered crops (2%) are visible along a road winding through the landscape.","The scene is dominated by dense tree cover (69%) across rolling, hilly terrain, with patches of grass (25%) and sparse crop/built-up areas (combined 3%), suggesting a predominantly forested, rural landscape with limited human development.","The scene is predominantly forested, with trees covering 69% of the area, indicating a heavily wooded landscape. Grasslands make up a significant secondary portion, suggesting a mix of natural vegetation and open land.","Dense forest covers a mountainous region interspersed with a network of roads and exposed, eroded slopes. A significant area appears to be disturbed by recent ground disturbance, likely related to mining or construction.","A rugged, mountainous terrain with dense forest cover interspersed with exposed earth and rocky outcrops, featuring winding roads and small settlements nestled in the valleys."
N37E043_032_006.png,test,46,0,53,0,0,1,0,"The image depicts a landscape dominated by extensive grasslands (53%) interspersed with scattered trees (46%), flowing alongside a meandering river channel within a hilly terrain. A small area of barren land (1%) is visible in the upper right corner.","The scene depicts a predominantly grass-covered landscape with scattered tree patches and minimal barren areas, arranged in a rugged, hilly terrain with winding waterways cutting through the topography.","The scene is predominantly grassland, with grass covering 53% of the area, making it the dominant land use. Trees account for 46%, indicating a mix of natural vegetation, while barren areas are minimal at 1%.","The image depicts a landscape dominated by arid, brown terrain with a meandering river cutting through a hilly, eroded area. A network of light-colored, possibly disturbed, ground features extends across the landscape.","A winding river carves through a rugged, arid landscape dominated by steep, eroded hills and sparse vegetation, indicating a semi-desert or mountainous region with minimal human development."
N36E037_023_037.png,test,1,0,19,75,4,1,0,"The image depicts a landscape dominated by cultivated crops (75%), interspersed with areas of grass (19%) and a small amount of built-up areas (4%). A linear feature, likely a road or irrigation channel, runs through the center of the scene, cutting across the agricultural fields.","The scene is dominated by vast, patchwork crop fields (75%), interspersed with smaller areas of grass (19%) and sparse built-up zones (4%), with minimal tree cover (1%) and barren land (1%) scattered throughout.","The scene is predominantly agricultural, with 75% covered by crops, indicating a rural or farming-dominated landscape. Small areas of grass and built-up land suggest some natural vegetation and human infrastructure, but agriculture is the dominant land use.",The image depicts an agricultural landscape characterized by numerous small fields and a linear road running through the center of the scene. Scattered settlements and a network of smaller roads are also visible within the region.,"A patchwork of agricultural fields dominates the landscape, interspersed with linear roads and clusters of buildings, with a prominent linear feature—likely a railway or highway—cutting across the scene."
N40E042_031_015.png,test,0,0,93,6,1,0,0,"The image depicts a landscape dominated by extensive grassland (93%), with a small area of cultivated crops (6%). A narrow, winding river channel cuts through the terrain, and a small, linear built-up area (1%) is visible along its banks.","The scene is dominated by vast expanses of grassland, with small, scattered patches of crop fields and minimal built-up areas, indicating a predominantly rural, agricultural landscape with low human development density.","The scene is predominantly grassland, with minimal crop and built-up areas, indicating a large-scale natural or pasture-based landscape.","The image depicts a predominantly arid landscape with a meandering river channel cutting through reddish-brown, rocky terrain, alongside a small area of vegetation and a road.","A dry, arid landscape with patchy vegetation and winding waterways, featuring a small settlement with associated infrastructure nestled in a valley."
N37E031_026_006.png,test,5,0,81,0,0,14,0,"The image depicts a landscape dominated by extensive grassland (81%), with a narrow, linear feature likely representing a road or path cutting through the area. Sparse tree cover (5%) and barren land (14%) are interspersed within the grassland, suggesting a relatively open, potentially hilly terrain.","The scene depicts a predominantly grass-covered landscape (81%), interspersed with patches of barren land (14%) and sparse tree cover (5%), suggesting a semi-arid or agricultural region with a mosaic of natural and possibly degraded or cultivated surfaces.","The scene is predominantly grassland, with extensive coverage of grass (81%), indicating a rural or natural open field landscape. Minimal tree cover (5%) and sparse barren areas (14%) suggest low vegetation density and limited developed or disturbed land use.","The image depicts a heavily vegetated mountainous region with a prominent, linear road cutting through the terrain. Sparse patches of open land and scattered buildings are visible within the forested areas.","A patchwork of agricultural fields and scattered settlements stretches across a rolling, arid landscape, bisected by a winding river that defines the region’s primary waterway and likely supports surrounding human activity."
N37E043_040_001.png,test,2,0,84,12,1,1,0,"The image depicts a landscape dominated by extensive grassland (84%) interspersed with a small area of cultivated crops (12%) and a minimal amount of built-up areas (1%). The terrain is characterized by rocky, undulating hills and valleys, with a network of roads and trails winding through the grassy areas.","The scene depicts a predominantly grass-covered landscape with scattered crop fields and sparse built-up areas, nestled within a rugged, hilly terrain where winding roads and natural contours define the spatial layout.","The scene is predominantly covered by grass (84%), indicating a large area of natural or managed pasture, with minor contributions from crops and sparse built-up areas.","The image depicts a rugged, arid landscape characterized by extensive rock formations and winding roads, suggesting a region with limited vegetation and potential for resource extraction. A small settlement is visible amidst the terrain, likely utilizing the available water sources within the valley.","A rugged, arid mountainous region with sparse vegetation, featuring winding roads and small settlements nestled in valleys, indicative of a sparsely populated, dryland environment."
N39E033_022_043.png,test,1,0,76,23,0,0,0,"The image depicts a landscape dominated by reddish-brown, eroded terrain with a prominent, narrow riparian area of grass and scattered crops, suggesting a river channel or drainage system within a generally arid or semi-arid environment. The surrounding area appears to be primarily grassland with a small percentage of cultivated crops.","The scene depicts a predominantly arid or semi-arid landscape with sparse tree cover (1%) and vast expanses of grass (76%), interspersed with cultivated crop fields (23%) that form distinct, patchy patterns, likely following topographic contours or water access.","The scene is predominantly grassland, covering 76% of the area, with minor contributions from crops and trees. Grassland is the dominant land use.","The image depicts a rugged, arid landscape characterized by extensive sandstone formations and a narrow, vegetated river channel cutting through the terrain. The surrounding area appears largely barren and rocky, suggesting a predominantly desert or semi-desert environment.","A rugged, arid landscape with a winding river cutting through a canyon, flanked by steep, barren slopes and sparse vegetation, with a small settlement or road visible near the river’s bend."
N42E042_026_023.png,test,96,0,3,0,0,0,1,"The image depicts a landscape dominated by dense forest cover (96%), with scattered patches of grass (3%) and a small amount of water (1%) primarily concentrated in a meandering river channel. The terrain appears to be hilly or mountainous, with visible drainage patterns within the forested area.","The scene is overwhelmingly dominated by dense tree cover (96%), forming a continuous, lush green canopy with subtle variations in shade and texture, interspersed with small patches of grass (3%) and minimal water bodies (1%), suggesting a forested or heavily vegetated landscape.","The scene is predominantly forested, with tree cover accounting for 96% of the land use, indicating a dense woodland or forested area. Grass and water cover are minimal, suggesting limited open land or surface water features.",Dense forest covers a mountainous region with numerous river valleys and exposed rocky terrain. Patches of lighter vegetation suggest areas of disturbed land or different plant communities.,"A dense, forested landscape with patches of cleared land and winding waterways, indicating mixed-use terrain with significant natural cover and localized human activity."
N39E027_037_011.png,test,30,5,48,17,0,0,0,"The image depicts a landscape dominated by grassland (48%) interspersed with cultivated crops (17%), with significant areas of tree cover (30%) and a smaller proportion of shrubs (5%). A network of roads and associated settlements are visible throughout the scene, suggesting an agricultural and forested region.","The scene depicts a patchwork landscape dominated by grasslands (48%) interspersed with cultivated crop fields (17%) and scattered tree cover (30%), with shrubs (5%) in smaller patches, suggesting a mixed-use rural area with agricultural and natural vegetation.","The scene is predominantly grassland, with grass covering 48% of the area, making it the dominant land use. Crop cultivation accounts for 17%, indicating a secondary agricultural component.","The landscape is characterized by cultivated fields interspersed with patches of woodland and scattered buildings, suggesting an agricultural area with some forested regions. A network of roads and smaller paths indicates a developed area within the broader terrain.","A patchwork of agricultural fields in varying shades of green and brown dominates the landscape, interspersed with darker forested areas and winding roads, suggesting a rural, cultivated region with mixed land use."
N37E039_041_017.png,test,0,0,67,33,0,0,0,"The image depicts a landscape dominated by grass (67%) interspersed with cultivated crops (33%), with a network of linear features likely representing roads or canals cutting through the area. The terrain appears relatively flat with some subtle topographic variations, and a distinct, irregular patch of crops is visible in the center of the frame.","The scene is dominated by grasslands covering 67% of the area, with a patchwork of crop fields making up the remaining 33%, suggesting a mixed agricultural landscape where natural vegetation is interspersed with cultivated plots.","The scene is predominantly grassland, with grass covering 67% of the area, indicating a large-scale natural or pasture-based land use. Crop cultivation accounts for only 33%, suggesting limited agricultural activity in the region.","The image depicts a rugged, arid landscape with extensive areas of reddish-brown soil and scattered vegetation, likely associated with desert or semi-arid land use. A prominent, roughly rectangular feature suggests a possible archaeological site or constructed area within the terrain.","This remote sensing image depicts a semi-arid landscape with patchy agricultural fields and sparse vegetation, intersected by a winding river and a straight linear feature, likely a road or irrigation canal, cutting across the terrain."
N39E027_010_020.png,test,59,0,26,15,0,0,0,"The image depicts a landscape dominated by dense forest (59%) interspersed with areas of grassland (26%) and scattered cultivated crops (15%). A prominent ridge or hill is visible within the forested area, suggesting a hilly or mountainous terrain.","The scene depicts a patchwork landscape dominated by dense tree cover (59%), interspersed with extensive grasslands (26%) and cultivated crop fields (15%), suggesting a mixed-use rural area with significant forested regions and agricultural activity.","The scene is primarily dominated by trees, indicating a forested or wooded landscape, with smaller areas of grass and crop cover.","The landscape exhibits a patchwork of agricultural fields interspersed with dense forested areas, concentrated around a prominent, hilly region. A meandering river flows through the lower portions of the image, carving through the terrain.","A patchwork of agricultural fields in varying shades of green and brown covers rolling terrain, interspersed with darker forested areas and a winding river or stream cutting through the landscape."
N42E025_009_002.png,test,97,0,3,0,0,0,0,"The image depicts a landscape dominated by dense forest (97%) interspersed with scattered, wet areas of grass (3%). These grassy patches appear to be associated with depressions or small wetlands within the forested terrain.","The scene is overwhelmingly dominated by dense tree cover (97%), forming a continuous, textured canopy across rolling terrain, with sparse grassy patches (3%) appearing as small, lighter-toned areas, likely in clearings or along waterways.","The scene is predominantly forested, with tree cover accounting for 97% of the land use, indicating a dense woodland or forested area. Grass cover is minimal at 3%, suggesting sparse or non-dominant ground cover.","Dense forest covers a hilly terrain interspersed with numerous small, light-colored lakes and wetlands. A network of linear features, likely drainage channels, cuts through the forested areas.","This satellite image depicts a rural landscape with patchwork agricultural fields, scattered settlements, and winding roads, set against rolling hills and interspersed with water bodies."
N37E040_012_042.png,test,1,0,9,86,0,4,0,"The image depicts a landscape dominated by extensive agricultural fields (86%) interspersed with small patches of grass (9%) and a minimal amount of barren land (4%). A cluster of buildings is located within an area of cultivated crops, alongside a network of roads and drainage channels.","The scene is dominated by extensive, patchwork crop fields (86%), interspersed with small areas of grass (9%) and barren land (4%), with sparse tree cover (1%) along edges and in isolated clusters, suggesting an agricultural landscape shaped by human cultivation.","The scene is predominantly agricultural, with 86% covered by crops, indicating a large-scale farming landscape. Small areas of grass and tree cover, along with a minor barren zone, suggest limited natural vegetation or sparse land degradation.","The image depicts an area with cultivated fields, a small settlement, and a meandering river channel surrounded by dense vegetation. A network of roads and irrigation canals crisscrosses the landscape, suggesting agricultural activity.","A patchwork of agricultural fields in varying shades of brown and green, enclosed by a prominent, winding river or stream, with a small cluster of buildings indicating a rural settlement."
N37E031_009_028.png,test,1,0,9,90,0,0,0,"The image depicts a landscape dominated by agricultural fields (90%) interspersed with patches of grass (9%) and a very small amount of tree cover (1%). A meandering river channel is visible, cutting through the predominantly cultivated land and creating a distinct pattern of agricultural parcels.","The scene is dominated by vast, geometrically arranged crop fields (90%), interspersed with smaller patches of grass (9%) and sparse tree cover (1%), suggesting a highly organized agricultural landscape with minimal natural vegetation.","The scene is predominantly agricultural, with 90% of the area covered by crops, indicating a large-scale farming landscape.","The image depicts an arid landscape with cultivated fields interspersed with patches of dry, brown land, primarily along a meandering river channel. A linear feature, likely a road or irrigation system, cuts through the agricultural areas.","A patchwork of agricultural fields in varying shades of green and brown dominates the landscape, interspersed with a winding river and a large, irregularly shaped wetland or reservoir. The surrounding terrain is arid and sparsely vegetated, with visible road networks and a small settlement near the water body."
N37E040_008_039.png,test,2,0,6,91,1,0,0,"The image depicts a predominantly agricultural landscape dominated by cultivated crops (91%), with a small area of sparse grass (6%) and minimal tree cover (2%). A river meanders through the region, and a small built-up area is located in the upper left corner.","The scene is dominated by vast, geometrically patterned crop fields (91%), indicating intensive agriculture, with a winding river cutting through the landscape. Small patches of grass (6%) and scattered built-up areas (1%) are interspersed, while tree cover (2%) appears minimal and localized.","The scene is predominantly agricultural, with 91% covered by crops, indicating a rural or farming landscape with minimal natural vegetation and built-up areas.","The landscape is dominated by agricultural fields, likely cultivated for crops, intersected by a meandering river and a network of roads. A small settlement is situated along the riverbank in the upper left corner.","A patchwork of agricultural fields in varying shades of brown and green, interspersed with a winding river and linear roads, suggests active farming in a rural landscape with distinct topographic relief."
N39E031_040_023.png,test,0,0,21,75,0,4,0,"The image depicts a landscape dominated by cultivated crops (75%) interspersed with patches of grass (21%) and small areas of barren land (4%). A linear feature, likely a road or irrigation channel, traverses the terrain, cutting through a series of terraced fields.","The scene is dominated by extensive, patchwork crop fields (75%) interspersed with smaller areas of grass (21%) and sparse barren land (4%), suggesting a highly agricultural landscape organized into geometric plots, likely for seasonal farming.","The scene is predominantly agricultural, with 75% coverage of crops, indicating a heavily farmed landscape. Grass covers a smaller portion, and only 4% is barren.","The landscape is characterized by small, irregularly shaped fields interspersed with patches of vegetation, likely agricultural land, situated within a hilly, arid terrain. A linear feature, presumed to be a road, traverses the central portion of the image.","The image displays a patchwork of agricultural fields in varying shades of brown and green, indicative of dry or fallow farmland, intersected by a winding road or riverbed. The terrain is characterized by rolling hills and subtle topographic relief."
N37E036_040_040.png,test,12,1,70,14,0,3,0,"The image depicts a landscape dominated by extensive grassland (70%), interspersed with cultivated crop fields (14%) and scattered patches of trees (12%). A small area of shrubland (1%) and barren land (3%) are also visible, with a network of roads and infrastructure present within the agricultural areas.","The scene is dominated by grasslands (70%), interspersed with extensive crop fields (14%) and patches of tree cover (12%), suggesting a mixed agricultural landscape. Sparse shrubbery (1%) and barren areas (3%) are scattered, particularly along edges and in degraded zones, indicating a semi-arid or managed rural environment.","The scene is dominated by grass (70%), indicating a large area of open, natural or managed grassland. Smaller portions are occupied by crops (14%) and tree/shrub cover, with minimal barren land.","The image depicts a predominantly agricultural landscape with cultivated fields interspersed with patches of forested areas and a meandering river system. A network of roads and settlements are visible within the region, suggesting human activity and settlement patterns.","A satellite view of a rural landscape dominated by patchwork agricultural fields and a large, irregularly shaped depression or basin, with scattered vegetation and a winding road traversing the terrain."
N40E037_039_019.png,test,17,0,82,0,0,1,0,"The image depicts a landscape dominated by extensive grasslands (82%) interspersed with scattered trees (17%), with a small area of barren land (1%). A prominent, winding river channel cuts through the terrain, suggesting a fluvial environment with associated valleys and slopes.","The scene depicts a predominantly grass-covered landscape (82%), with scattered tree patches (17%) forming linear or clustered patterns, likely along ridges or waterways, while barren areas (1%) appear as small, sparse patches, suggesting a mostly vegetated, gently undulating terrain.","The scene is predominantly grassland, with 82% coverage, indicating a large area of open vegetation such as pasture or natural grassy fields. Trees are sparse at 17%, and barren areas are minimal at 1%, suggesting limited human development or soil degradation.","The image depicts a rugged, arid landscape with extensive brown, sparsely vegetated terrain interspersed with patches of dense green forest along a river valley. A prominent mountain range dominates the upper portion of the scene.","A rugged, mountainous terrain with dense forested areas interspersed with patches of cleared land and a small settlement nestled in a valley."
N40E033_042_012.png,test,2,0,98,0,0,0,0,"The image depicts a landscape dominated by extensive grassland areas interspersed with rugged, mountainous terrain. A narrow band of trees occupies a small portion of the image, with the overall composition indicating a high percentage of grass cover (98%) and a minimal presence of trees (2%).","The scene depicts a rugged, mountainous terrain dominated by sparse tree cover (2%) interspersed with extensive grasslands (98%), suggesting a high-elevation or arid environment where vegetation is patchy and adapted to steep, uneven topography.","The scene is predominantly grassland, indicating open fields or natural pasture with minimal tree coverage.","The image depicts a rugged, mountainous landscape with sparse vegetation and exposed rock formations, suggesting arid or semi-arid land use. A dark, linear feature likely represents a river or drainage channel cutting through the terrain.","A rugged, mountainous terrain with dense forest cover in valleys and slopes, interspersed with small, scattered clearings and settlements, indicating mixed-use land with limited agricultural or urban development."
N40E027_038_022.png,test,85,1,10,3,1,0,0,"The image depicts a mountainous region dominated by dense forest cover (85%), with a small settlement and limited cultivated areas (crop and grass) nestled in a valley. A small amount of built-up area is also present within the settlement.","The scene depicts a predominantly forested mountainous region with scattered, patchy agricultural fields and a small built-up area nestled in a valley, reflecting a landscape dominated by tree cover with minor human land use.","The scene is predominantly forested, with 85% tree cover indicating a dense woodland or forested area. Small patches of grass and crop are present, with minimal built-up or shrub coverage.","Dense forest covers a mountainous region, with a small village and cultivated fields situated in a valley floor. A network of streams and roads winds through the terrain, indicating human interaction with the landscape.","A rural settlement nestled in a valley surrounded by forested, rolling hills, with patchwork agricultural fields and winding roads defining the landscape."
N39E036_006_009.png,test,1,0,75,8,1,15,0,"The image depicts a landscape dominated by sparse grass cover (75%) and barren terrain (15%), with a small area of cultivated crops (8%) and minimal tree cover (1%). A winding, light-colored feature, likely a river or drainage channel, cuts through the landscape, suggesting a region with significant erosion and limited vegetation.","The scene depicts a rugged, mountainous terrain dominated by grasslands (75%) interspersed with patches of crop fields (8%) and barren land (15%), with sparse tree cover (1%) and minimal built-up areas (1%) scattered along valleys and ridges.","The scene is predominantly grassland, covering 75% of the area, with significant open space and minimal tree or built-up features. Crop and barren land make up smaller portions, indicating a rural or natural landscape with limited agriculture.","The image depicts a rugged, arid landscape with extensive rocky terrain and a winding, light-colored river channel cutting through the hills. A small, light-colored structure is visible near the base of a prominent ridge.","A rugged, mountainous terrain with steep, eroded slopes and sparse vegetation, featuring a winding road or river cutting through the valleys and a small, isolated settlement in a low-lying area."
N39E036_014_000.png,test,77,0,23,0,0,0,0,"The image depicts a landscape dominated by dense tree cover (77%) interspersed with areas of grassland (23%), situated within a heavily eroded terrain characterized by numerous linear valleys and ridges.","The scene depicts a rugged, mountainous terrain where dense tree cover dominates 77% of the area, interspersed with patches of grassland covering the remaining 23%, suggesting a forested highland environment with natural vegetation patterns.","The scene is dominated by tree cover, indicating a forested or wooded area with significant natural vegetation. Grass covers a smaller portion, suggesting a mix of forest with some open or understory grassy patches.","The image depicts a mountainous region with dense forest cover interspersed with exposed, eroded terrain and agricultural land. A prominent river valley cuts through the landscape, indicating a significant drainage pattern.","A rugged, mountainous terrain with dense forested areas interspersed with patches of cleared land and agricultural fields, indicating mixed land use in a hilly region."
N39E031_013_011.png,test,0,0,38,58,2,2,0,"The image depicts a landscape dominated by agricultural land, with approximately 58% covered in crops and 38% in grass, interspersed with some barren areas (2%). A small area of built-up land (2%) is visible near a road and settlement, situated within a hilly terrain.","The scene is dominated by extensive crop fields (58%) interspersed with patches of grass (38%), forming a patchwork agricultural landscape, while small built-up areas and barren land occupy minor portions.","The scene is primarily agricultural, with crop cover dominating at 58%, indicating a large area of farmland. Grasslands make up a significant secondary land use at 38%, suggesting pasture or cultivated grass areas, while built-up and barren areas are minimal.","The image depicts a hilly landscape with extensive agricultural fields, primarily cultivated with sparse vegetation, interspersed with patches of barren land and a small settlement. A network of roads and drainage channels cuts through the terrain, suggesting human modification of the natural environment.","The image displays a patchwork of agricultural fields in varying shades of brown and green, interspersed with roads and a small settlement in the lower right, set against a backdrop of rugged, hilly terrain."
N40E040_018_000.png,test,16,0,84,0,0,0,0,"The image depicts a landscape dominated by extensive grasslands (84%) interspersed with areas of scattered trees (16%). A meandering river channel cuts through the terrain, flanked by lighter-toned, likely drier, areas, suggesting a riparian environment with a significant grassy floodplain.","The scene depicts a predominantly grass-covered landscape (84%) with scattered tree patches (16%), forming a patchwork of green and brown terrain across rolling hills and valleys, suggesting a rural or semi-arid environment with limited forested areas.","The scene is predominantly grassland, indicating open fields or natural pasture, with only a small fraction covered by trees. This suggests a rural or natural landscape with minimal forest cover.",The image depicts a landscape characterized by agricultural fields and sparse vegetation interspersed with a meandering river and a network of linear features likely representing roads or irrigation canals. The terrain appears hilly with areas of exposed soil and dry vegetation.,"A rugged, mountainous terrain with varied vegetation, featuring winding roads and a prominent river carving through the landscape, indicative of a remote, sparsely developed region."
N40E039_017_030.png,test,0,0,99,0,0,1,0,"The image depicts a landscape dominated by extensive grassland (99%), with a small area of barren land (1%) visible along a meandering river channel. A light-colored road or trail is present within the grassy area, suggesting some human presence.","The scene is overwhelmingly dominated by grassland, covering 99% of the area with a mottled, textured appearance suggesting varied vegetation or soil moisture, while a sparse 1% barren patch indicates minimal unvegetated or exposed ground.","The scene is predominantly grassland, indicating a large area of natural or managed pasture, with only a small fraction of barren land.","The image depicts a landscape dominated by reddish-brown vegetation, likely agricultural land, interspersed with a meandering river and some scattered, small structures. A linear feature, possibly a road or path, cuts through the central area.","This satellite image depicts a semi-arid landscape with patchy vegetation, interspersed with agricultural fields and small settlements, traversed by winding roads and bordered by darker, possibly forested or wetland areas."
N37E043_002_022.png,test,0,0,85,1,1,13,0,"The image depicts a landscape dominated by extensive grassland (85%), with a small area of cultivated crops (1%) and a significant portion of barren land (13%). A meandering river channel and associated terrain features, including ridges and valleys, are visible throughout the scene.","The scene is dominated by grasslands covering 85% of the area, interspersed with barren land (13%) and featuring a winding river or stream cutting through the terrain, with minimal built-up or crop areas.","The scene is predominantly grassland, covering 85% of the area, with minor portions of crop, built-up, and barren land.","The image depicts a rugged, arid landscape with extensive gullies and drainage channels, interspersed with patches of sparse vegetation along a meandering river. The terrain appears predominantly composed of reddish-brown, rocky soil and hills.","A rugged, arid landscape with winding river valleys cutting through reddish-brown and tan mountainous terrain, featuring sparse vegetation and a network of roads or trails."
N37E030_021_032.png,test,85,3,11,1,0,0,0,"The image depicts a heavily forested mountainous region dominated by trees (85%), with scattered patches of grass (11%) and a small area of cultivated crops (1%). A network of roads and some small, possibly developed, areas are visible within the forested terrain.","The scene is dominated by dense tree cover (85%), forming a continuous forested landscape interspersed with small, fragmented patches of grass (11%) and sparse crop fields (1%), with shrubs (3%) appearing as minor transitional vegetation.","The scene is predominantly forested, with tree cover accounting for 85% of the land use, indicating a dense woodland or forested area. Minor components include scattered shrubs, grass, and a small crop area, suggesting limited agricultural activity.",Dense forest covers a mountainous region interspersed with agricultural fields and scattered settlements. A network of rivers and streams meanders through the valleys and along the lower slopes.,"A hilly landscape with dense forest cover interspersed with patches of agricultural fields and small settlements, featuring winding roads and visible topographic relief."
N37E039_032_010.png,test,0,0,57,43,0,0,0,"The image depicts an area dominated by grass (57%) interspersed with cultivated crops (43%), suggesting an agricultural landscape with fields and pastures. The terrain appears relatively flat with subtle undulations, likely indicative of a gently rolling plain.","The scene is dominated by grasslands covering 57% of the area, interspersed with crop fields making up the remaining 43%, suggesting a mixed agricultural landscape with grass as the primary natural cover.","The scene is predominantly grassland, covering 57% of the area, with a smaller portion (43%) used for crop cultivation. Grassland is the dominant land use.","The image depicts a region with extensive, reddish-brown terrain likely composed of arid or semi-arid land, interspersed with darker areas possibly representing canyons or valleys. A prominent, light-colored feature suggests a large, elevated area, possibly a mesa or plateau.","This remote sensing image depicts a rugged, arid landscape dominated by rocky outcrops and sparse vegetation, with subtle variations in tone indicating topographical relief and minimal human development."
N42E027_022_005.png,test,7,0,12,79,2,0,0,"The image depicts a landscape dominated by agricultural land (79%) with extensive fields, interspersed with a small area of trees (7%) and some grass (12%). A small built-up area (2%) is located near a road, suggesting a village or settlement.","The scene is dominated by vast, patchwork crop fields (79%), interspersed with smaller areas of grass (12%) and trees (7%), with a small built-up area (2%) visible in the lower-left corner, suggesting a rural agricultural landscape centered around farming.","The scene is predominantly agricultural, with 79% covered by crops, indicating a large-scale farming landscape. Small areas of grass and tree cover, along with minimal built-up land, suggest a rural or agricultural setting with limited urban development.","A small settlement is situated within an agricultural area characterized by cultivated fields and a prominent, linear drainage channel cutting through a hilly landscape. The surrounding terrain appears to be predominantly forested.","A rural landscape featuring a small settlement with clustered buildings, surrounded by a patchwork of agricultural fields in varying shades of green and brown, with a distinct dark brown area suggesting recent plowing or fallow land."
N37E033_003_009.png,test,0,0,4,96,0,0,0,"The image depicts a landscape dominated by extensive agricultural fields, primarily consisting of crops (96%), with a small area of grass (4%). A small settlement is located within a field, situated near a road that bisects the agricultural area.","The scene is dominated by a patchwork of agricultural fields, with 96% covered by crops and only 4% by grass, indicating intensive farming. The fields are arranged in geometric, fragmented plots, suggesting organized cultivation, with a small cluster of buildings visible at the center.","The scene is predominantly agricultural, with 96% of the area covered by crops, indicating a large-scale farming landscape. Grass makes up a minor portion, suggesting limited natural or pasture land use.","The landscape is dominated by cultivated fields of varying colors, interspersed with a small settlement and a road. A shallow valley or depression is visible in the center of the image, containing the village.","The image displays a patchwork of agricultural fields in varying shades of brown and green, indicative of different crop types or soil conditions, with a small cluster of buildings and roads at the lower center."
N37E036_017_028.png,test,53,5,37,1,1,3,0,"The image depicts a landscape dominated by dense tree cover (53%) interspersed with extensive grasslands (37%), with a smaller area of shrubland (5%) and minimal crop and built-up areas. A network of roads and drainage channels cuts through the terrain, suggesting a region with significant fluvial activity and potentially agricultural use alongside natural vegetation.","The scene depicts a predominantly forested landscape with tree cover dominating over 50% of the area, interspersed with patches of grassland and scattered shrubbery, while small areas of crop, built-up, and barren land are visible, suggesting a mix of natural and lightly modified terrain.","The scene is predominantly forested, with trees covering 53% of the area, making it the dominant land use. Grasslands account for a significant portion at 37%, indicating a mix of natural vegetation and open areas.","The area displays a mix of forested slopes, agricultural fields, and a network of roads and linear features suggesting mining or quarrying operations. A prominent, light-colored area indicates an open-pit mine or excavation within a hilly terrain.","A rugged, mountainous terrain with patches of forest, exposed earth, and scattered settlements, featuring a prominent light-colored, possibly eroded or mined, area in the center."
N37E043_021_001.png,test,3,0,79,0,0,18,0,"The image depicts a mountainous region dominated by extensive grasslands (79%) interspersed with barren areas (18%), with a small cluster of structures (3%) located along a valley floor. The steep slopes and rugged terrain suggest a high-altitude, potentially arid or semi-arid environment.","The scene depicts a predominantly grass-covered, arid or semi-arid landscape with a complex, undulating topography of rolling hills and valleys, where sparse tree cover (3%) and barren land (18%) are interspersed, suggesting limited vegetation and rugged terrain.","The scene is predominantly covered by grass, indicating a large area of open, vegetated land such as pasture or natural grassland, with minimal tree cover and small patches of barren land.","The image depicts a rugged, mountainous region with extensive bare rock and sparse vegetation, interspersed with a small settlement clustered along a river valley. A narrow, linear feature likely represents a road or trail traversing the steep slopes.","A rugged, arid mountainous region with sparse vegetation and terraced slopes, featuring a narrow river valley with a small settlement and road along its base."
N37E037_000_042.png,test,4,0,83,1,0,12,0,"The image depicts a landscape dominated by extensive grasslands (83%) interspersed with areas of barren land (12%) and a small patch of cultivated crops (1%). Sparse tree cover (4%) is visible across the terrain, likely concentrated in localized areas within the broader grassland expanse.","The scene is dominated by grasslands (83%), interspersed with patches of barren land (12%) and sparse tree cover (4%), with minimal crop areas (1%) suggesting a largely natural, semi-arid or mountainous landscape with limited agriculture.","The scene is predominantly covered by grass, indicating a large area of natural or managed pasture. Small patches of crop and barren land suggest limited agricultural activity and some exposed or degraded areas.","The image depicts a rugged, arid landscape characterized by extensive rocky terrain and sparse vegetation, likely a desert or semi-desert environment. A small, isolated structure is visible amidst the undulating hills and valleys.","A rugged, mountainous terrain with varied brown and tan hues, featuring sparse vegetation and visible ridgelines, indicative of arid or semi-arid highlands with minimal human development."
N40E031_010_042.png,test,83,0,11,6,0,0,0,"The image depicts a landscape dominated by dense forest (83%) interspersed with patches of grassland (11%) and a small area of cultivated crops (6%). A prominent, meandering river is visible carving through the terrain, highlighting the hilly or mountainous topography.","The scene depicts a predominantly forested landscape with tree cover dominating 83% of the area, interspersed with patches of grass (11%) and small-scale crop fields (6%), suggesting a rural or semi-rural setting with limited agricultural development.","The scene is primarily dominated by trees, indicating a forested or wooded area, with minor contributions from grass and crop coverage.",Dense forest covers a hilly landscape interspersed with agricultural fields and a meandering river. A road follows the river’s course through the valley.,"A winding road cuts through a mountainous terrain, traversing a valley with patchwork agricultural fields and dense forested slopes."
N39E042_020_027.png,test,0,0,83,17,0,0,0,"The image depicts a landscape dominated by extensive grassland (83%) interspersed with small cultivated areas of crops (17%). A prominent river or stream meanders through the terrain, flanked by steep, rugged hills and valleys.","The scene is dominated by expansive grasslands covering 83% of the area, with scattered crop fields making up the remaining 17%, suggesting a rural landscape where agriculture is practiced in patches within a largely natural grassland matrix.","The scene is predominantly grassland, with extensive natural or pasture land use covering 83% of the area. Crop cultivation accounts for only 17%, indicating a minor agricultural component within the landscape.","The image depicts a predominantly arid landscape with a meandering river cutting through reddish-brown, rocky terrain, suggesting limited vegetation and potential agricultural areas along the waterway. A small settlement is visible near the river’s edge, surrounded by elevated, rugged hills.","A dry, arid landscape dominated by rugged terrain and a winding riverbed, with sparse vegetation and a small, isolated settlement near the watercourse."
N42E043_024_000.png,test,100,0,0,0,0,0,0,"The image depicts a landscape dominated by dense, continuous forest cover (100% trees), with some areas exhibiting a reddish-brown coloration likely due to exposed soil or leaf litter. A linear feature, possibly a drainage channel or road, is visible winding through the forested terrain.","The scene is entirely covered by dense tree canopy, indicating a continuous forested landscape with no visible clearings or non-vegetated areas. The spatial layout suggests a uniform, undisturbed woodland, possibly a primary or mature forest, with subtle variations in green tones hinting at different tree species or canopy density.","The scene is dominated by forest land use, with 100% coverage of trees, indicating a dense, continuous woodland or natural forest area.","The area displays a mix of forested land and cultivated fields, with a prominent linear feature suggesting a road or river channel cutting through the landscape. Rolling hills and patches of exposed soil are interspersed throughout the region.","A satellite view of a rural landscape dominated by dense green forest interspersed with patches of cleared land, likely agricultural fields or settlements, and a winding river cutting through the terrain."
N42E042_002_008.png,test,95,0,1,0,1,1,2,"The image depicts a landscape dominated by dense forest (95%) along a riverbank, with a small, sparse settlement (1%) situated near the water’s edge and a narrow strip of grassland (1%). A small amount of water (2%) is visible within the river channel.","The scene is dominated by dense tree cover across rolling terrain, with a small built-up area nestled along a riverbank and a narrow waterway cutting through the landscape.","The scene is predominantly forested, with dense tree cover covering 95% of the area, indicating a mature or well-established woodland. Minor portions are composed of grass, built-up, barren, and water features, suggesting limited human development or open spaces.","Dense forest covers the steep slopes of a mountainous region, with a small settlement and associated agricultural land situated along a river valley. A narrow, winding road follows the riverbank, connecting the settlement to the surrounding forested terrain.","A small settlement clusters along a winding river in a mountainous, forested region, with a prominent road following the valley floor and a large, dark water body visible to the lower left."
N40E043_008_010.png,test,0,0,85,10,0,5,0,"The image depicts a landscape dominated by extensive grassland (85%), interspersed with cultivated crop areas (10%) and small patches of barren land (5%). A prominent, meandering water channel cuts through the scene, suggesting a drainage pattern within the predominantly grassy terrain.","The scene is dominated by grasslands covering 85% of the area, with scattered crop fields (10%) and small patches of barren land (5%) interspersed along linear features like roads and waterways, suggesting a rural landscape with mixed agricultural and natural vegetation.","The scene is predominantly grassland, with extensive natural vegetation covering most of the area.","The image depicts a landscape dominated by agricultural fields and cultivated land, interspersed with a meandering river and a ridgeline. Darker areas suggest forested or vegetated terrain.","A rugged, mountainous terrain with patchy vegetation and scattered settlements, bisected by a winding river and a prominent linear road or railway."
N39E040_023_025.png,test,7,0,78,1,0,14,0,"The image depicts a landscape dominated by extensive grassland (78%) interspersed with areas of barren land (14%) and a small patch of cultivated crops (1%). A limited amount of tree cover (7%) is visible, primarily along the edges of the barren areas, suggesting a transition zone between vegetation and exposed terrain.","The scene is dominated by grasslands (78%), interspersed with patches of barren land (14%) and sparse tree cover (7%), with minimal crop areas (1%) suggesting a largely natural or lightly managed landscape.","The scene is predominantly grassland, covering 78% of the area, with minor contributions from trees, crops, and barren land. Grassland is the dominant land use.","The image depicts a vast, arid canyon landscape with extensive exposed rock formations and sparse vegetation, likely in a desert or semi-arid region. A prominent, deeply incised river channel cuts through the canyon floor, indicating a significant drainage system.","A rugged, mountainous terrain with steep, forested slopes and scattered clearings, indicative of mixed-use land with patches of agriculture or settlement nestled in the valleys."
N40E043_033_014.png,test,0,0,96,0,0,4,0,"The image depicts a landscape dominated by extensive grassland (96%), with a smaller area of barren land (4%) visible in the lower right. A network of linear drainage channels and ridges are prominent features throughout the scene, suggesting a semi-arid or arid environment.","The scene is dominated by vast expanses of grassland, covering 96% of the area, with a small, isolated patch of barren land visible in the upper right. The terrain appears rugged and undulating, suggesting a natural, possibly arid or semi-arid landscape with minimal human development.","The scene is predominantly covered with grass, indicating a natural or pastureland use. A small portion is barren, suggesting sparse or exposed ground with minimal vegetation.","The image depicts a heavily eroded, arid landscape with extensive river channels and gullies, suggesting a region of desert or semi-arid land use. A small, light-colored feature, possibly a snow-capped peak, is visible within the broader, dark brown terrain.","A remote sensing image reveals a vast, arid landscape dominated by rugged, brown terrain with winding riverbeds and sparse vegetation, featuring a prominent, elongated, light-colored water body or wetland area near the center."
N37E043_017_003.png,test,0,0,98,1,0,1,0,"The image depicts a landscape dominated by extensive grassland (98%), with a small area of cultivated crop (1%) and minimal barren land (1%). It appears to be situated in a mountainous region, indicated by the prominent ridgelines and valleys visible across the scene.","The scene is overwhelmingly dominated by grassland, covering 98% of the area, with a patchwork of subtle tonal variations suggesting natural topography or sparse vegetation. Minor, scattered patches of crop and barren land are barely visible, indicating minimal agricultural or disturbed areas within the vast grassy expanse.","The scene is predominantly grassland, with nearly all of the area covered by natural grass vegetation. Crop and barren land occupy minimal portions of the image.","The image depicts a mountainous region with extensive areas of brown, likely barren or sparsely vegetated land, interspersed with patches of green vegetation along a river valley. A prominent river channel winds through the lower slopes of the mountains.","This satellite image depicts a rugged, arid landscape with patchy vegetation and scattered water bodies, indicative of a semi-desert or mountainous region with limited human development."
N36E036_001_038.png,test,72,2,25,0,0,1,0,"The image depicts a hilly landscape dominated by dense tree cover (72%), interspersed with areas of grass (25%) and scattered shrubbery (2%). A small portion of barren land (1%) is visible, particularly in the lower right corner, suggesting a varied terrain with significant forestation.","The scene is dominated by dense tree cover (72%), forming a continuous, dark green canopy across most of the landscape, interspersed with patches of lighter brown grasslands (25%) and sparse shrubbery (2%), with minimal barren areas (1%) visible as scattered, dry patches.","The scene is predominantly forested, with trees covering 72% of the area, indicating a dense woodland or forested landscape. Grass covers a significant secondary portion (25%), suggesting some open or meadow-like areas within or adjacent to the forest.","Dense forest covers a hilly terrain interspersed with agricultural fields and reddish-brown soil patches. A network of waterways and roads cuts through the landscape, indicating human activity and drainage patterns.","A mixed landscape of forested hills and cleared agricultural or urban areas, with winding roads and rivers cutting through the terrain."
N40E043_040_022.png,test,0,0,81,1,0,18,0,"The image depicts a landscape dominated by extensive grasslands (81%) interspersed with small areas of sparse crop (1%) and barren land (18%), situated within a heavily eroded, mountainous terrain. The terrain shows significant evidence of fluvial erosion, with numerous winding channels and valleys.","The scene is dominated by grassland covering 81% of the area, with sparse, scattered crop patches (1%) and extensive barren or arid terrain (18%) forming the background, suggesting a semi-arid or dryland environment with limited agricultural activity.","The scene is predominantly grassland, covering 81% of the area, with minimal crop and barren land. Grassland is the dominant land use.","The image depicts a heavily eroded, arid landscape with extensive canyon systems and sparse vegetation, suggesting a desert or semi-arid environment. A linear feature, likely a road or river channel, cuts through the terrain.","A rugged, arid landscape dominated by barren, rocky terrain with sparse vegetation and winding riverbeds, indicative of a desert or semi-desert environment with minimal human development."
N36E031_008_039.png,test,81,5,14,0,0,0,0,The image depicts a mountainous region dominated by dense forest cover (81%) interspersed with patches of shrub (5%) and scattered grassland (14%). Evidence of erosion and exposed rock formations are visible within the valleys and along the slopes of the mountains.,"The scene depicts a rugged, mountainous terrain dominated by dense tree cover (81%), with patches of grass (14%) and sparse shrubbery (5%) interspersed along slopes and in cleared areas, suggesting a forested landscape with some human or natural disturbance.","The scene is dominated by tree cover, indicating a forested or wooded land use. A smaller portion consists of grass and shrub vegetation, suggesting a mix of natural or semi-natural land cover.","Dense forest covers the mountainous terrain, interspersed with areas of exposed, eroded soil and patches of disturbed land likely due to past activity. The landscape exhibits significant topographic variation with prominent ridges and valleys.","A rugged, mountainous terrain with dense forest cover interspersed by terraced agricultural fields and exposed earth, indicating active land use and erosion in a steep, hilly region."
N39E037_007_037.png,test,0,0,15,84,0,1,0,"The image depicts a landscape dominated by cultivated crops (84%), interspersed with small areas of grass (15%) and minimal barren land (1%). The area appears to be characterized by a patchwork of fields, with a building visible in the lower left corner.","The scene is dominated by extensive, patchwork crop fields (84%), interspersed with small areas of grass (15%) and sparse barren land (1%), suggesting a highly agricultural landscape with organized farming plots.","The scene is predominantly agricultural, with 84% coverage of crops, indicating a large-scale farming area. Grass covers a small portion (15%), likely as pasture or roadside vegetation, while barren land is minimal (1%).","The image depicts a landscape dominated by cultivated fields and small, rectangular structures, likely agricultural areas and possibly associated buildings. A significant, light-colored building is present in the upper left corner, contrasting with the surrounding reddish-brown terrain.","A patchwork of agricultural fields and scattered settlements dominates the landscape, with a distinct rectangular structure and a small dark water body visible amidst the rural terrain."
N40E031_011_006.png,test,93,0,4,0,3,0,0,"The image depicts a mountainous region dominated by dense forest cover (93%), with a small area of grass (4%) interspersed among winding roads and a limited amount of built-up areas (3%).","The scene is dominated by dense tree cover, with scattered built-up areas and narrow grassy strips forming a patchwork along winding roads and valleys.","The scene is predominantly forested, with tree cover accounting for 93% of the land use, indicating a dense woodland or natural forest area. Grass and built-up areas are minor components, suggesting limited agriculture or human development.",Dense forest covers a mountainous region interspersed with a network of roads and settlements. Small clusters of buildings and infrastructure are visible along the slopes and valleys.,"A mountainous region with dense green forest cover, interspersed with small settlements and winding roads that follow the terrain contours."
N39E033_017_043.png,test,0,0,44,56,0,0,0,"The image depicts a landscape dominated by cultivated crops (56%) interspersed with areas of grass (44%), situated within a hilly and somewhat rugged terrain. A road and a cluster of buildings are visible in the lower portion of the image, suggesting an agricultural area with associated infrastructure.","The scene depicts a rugged, hilly terrain where crop fields (56%) dominate the landscape, interspersed with patches of grass (44%), suggesting a mixed agricultural use adapted to the undulating topography.","The scene is predominantly agricultural, with crop cover making up the majority of the land use. Grass covers a smaller portion, indicating a mix of cultivated fields and some natural or managed grassy areas.","The image depicts a rugged, arid landscape with extensive brown, rocky terrain and scattered patches of cultivated land. A road and a small settlement are visible within a valley surrounded by steep, mountainous slopes.","A rugged, arid landscape dominated by rolling hills and sparse vegetation, with a network of roads and small settlements indicating human activity in a semi-desert environment."
N42E027_021_011.png,test,0,0,0,100,0,0,0,"The image depicts an area dominated by cultivated crops, with a 100% composition of vegetation. The land is divided into rectangular fields exhibiting variations in greenness, suggesting different crop types or stages of growth.","The scene is entirely covered by agricultural cropland, displaying a patchwork of fields with varying shades of green and brown, indicating diverse crop types or growth stages across the landscape.","The scene is dominated by agricultural land use, with extensive cropland covering the entire area.","The image depicts a landscape dominated by cultivated fields, likely agricultural land, interspersed with darker patches possibly representing forested areas or wetlands. A network of linear features suggests drainage channels or roads within the agricultural zones.","The image displays a patchwork of agricultural fields with varying shades of green and brown, indicating different crop types or growth stages, interspersed with darker linear features likely representing roads or field boundaries."
N37E031_035_014.png,test,98,0,2,0,0,0,0,"The image depicts a heavily forested mountainous region dominated by dense tree cover (98%), with a small area of grass (2%) visible along a linear feature that appears to be a road or trail winding through the terrain. The landscape shows evidence of erosion and potentially some disturbed areas associated with the linear feature.","The scene is overwhelmingly dominated by dense tree cover, forming a continuous, dark green canopy that blankets most of the landscape, with only sparse, scattered patches of grass visible. This suggests a forested or heavily wooded region with minimal open ground.","The scene is predominantly forested, with tree cover accounting for 98% of the land use, indicating a dense woodland or forested area. Grass cover is minimal at 2%, suggesting sparse or secondary vegetation.","Dense forest covers a mountainous region, intersected by a prominent, winding river and a network of roads. Scattered patches of lighter vegetation suggest areas of disturbed land or agricultural activity.","A rugged, forested mountainous region with scattered clearings and winding roads, featuring a prominent river valley cutting through the terrain."
N37E042_024_036.png,test,40,0,60,0,0,0,0,"The image depicts a rugged, rocky terrain with a narrow, vegetated valley characterized by a significant amount of grass (60%) and scattered trees (40%). The valley floor appears to be a relatively moist area contrasting with the surrounding exposed rock formations.","The scene depicts a rugged, mountainous terrain where tree cover (40%) is interspersed with grassland (60%), forming a patchwork of vegetation along slopes and valleys, with grass dominating the more open and lower-elevation areas.","The scene is predominantly grassland, with trees making up a smaller portion of the landscape, indicating a rural or natural open-area land use.","The image depicts a rugged, rocky terrain with a narrow strip of vegetated area along a drainage channel, suggesting a riparian zone within a mountainous landscape. The surrounding area appears to be primarily barren rock and exposed soil.","A rugged, arid landscape with exposed rock formations and sparse vegetation, featuring a winding river carving through a canyon with distinct green riparian zones along its banks."
N39E037_009_040.png,test,43,0,53,4,0,0,0,"The image depicts a landscape dominated by dense tree cover (43%) interspersed with extensive areas of grass (53%), with a small proportion of cultivated crops (4%). A network of linear features, likely river channels or drainage patterns, cuts through the terrain, suggesting a region with significant fluvial activity.","The scene is dominated by dense grasslands (53%) interspersed with extensive tree cover (43%), forming a largely continuous vegetated landscape, with small, scattered crop fields (4%) indicating localized agricultural activity.","The scene is predominantly grassland, with grass covering 53% of the area, making it the dominant land use, followed by trees at 43% and a small crop area at 4%.","Dense forest covers a hilly terrain with exposed rock and soil, interspersed with patches of lighter, possibly disturbed, land. A meandering river flows through the lower portion of the image, carving through the landscape.","A rugged, mountainous terrain with dense forest cover interspersed with patches of agricultural fields and scattered settlements, revealing a landscape shaped by both natural topography and human land use."
N39E028_013_005.png,test,18,0,59,22,1,0,0,"The image depicts a landscape dominated by grassland (59%) interspersed with areas of tree cover (18%) and cultivated crops (22%), centered around a small built-up area (1%). A prominent river or stream meanders through the scene, likely influencing the distribution of vegetation and agricultural land.","The scene depicts a rural landscape dominated by grasslands (59%) and crops (22%), with a small built-up area (1%) clustered in the center, surrounded by tree cover (18%) along ridges and slopes.","The scene is predominantly grassland, covering 59% of the area, with significant crop coverage at 22%, indicating a mix of open pasture and agricultural use. Built-up and tree areas are minimal.","A small town is situated within a predominantly forested area, alongside a meandering river channel. Agricultural fields and scattered structures extend outwards from the town, indicating a mixed land use pattern.","A small clustered village nestled in a valley surrounded by rugged, forested hills, with visible roads and scattered agricultural fields indicating human settlement in a mountainous terrain."
N42E027_003_041.png,test,97,0,2,1,0,0,0,"The image depicts a landscape dominated by dense forest cover (97%), with scattered patches of grass (2%) and a small area of cultivated crop (1%). A network of linear features, likely roads or drainage channels, cuts through the forested area.","The scene is dominated by dense tree cover (97%), forming a continuous forested landscape with scattered, small patches of grass and crop fields, indicating a predominantly natural, minimally cultivated area.","The scene is predominantly forested, with trees covering 97% of the area, indicating a dense woodland or natural forest cover. Grass and crop areas are minimal, suggesting limited agricultural or pasture use.","The landscape exhibits a mix of agricultural fields and forested areas, intersected by a network of linear features likely representing drainage channels or roads. Patches of darker vegetation suggest wetlands or areas of higher moisture content within the terrain.","The image displays a patchwork of agricultural fields and forested areas, with winding roads and a small water body cutting through the landscape, indicative of rural land use in a hilly or undulating terrain."
N39E037_021_026.png,test,3,0,21,0,0,76,0,"The image depicts a landscape dominated by barren terrain (76%), with scattered patches of grass (21%) and a minimal amount of trees (3%). The area shows evidence of significant geological features, including fractured rock formations and drainage channels.","The scene is dominated by barren land (76%), suggesting a rocky or arid terrain with sparse vegetation, interspersed with small patches of grass (21%) and minimal tree cover (3%), indicating a dry, sparsely vegetated environment.","The scene is predominantly barren, covering 76% of the area, with minimal tree and grass cover. This suggests a largely exposed or sparsely vegetated landscape, possibly arid or degraded land.","The image depicts a rugged, rocky terrain with evidence of erosion and drainage patterns, likely a mountainous or canyon landscape with sparse vegetation. A darker area suggests a potential valley or shaded slope within the broader, light-colored rock formations.","This remote sensing image depicts a rugged, rocky terrain with sparse vegetation, characterized by exposed bedrock and fragmented landforms, indicative of an arid or semi-arid mountainous region with minimal human development."
N39E027_043_007.png,test,20,1,5,74,0,0,0,"The image depicts a landscape dominated by cultivated crops (74%), interspersed with scattered trees (20%) and a small amount of shrub cover (1%). A meandering river or channel is visible in the center of the frame, likely influencing the agricultural patterns and creating a distinct linear feature within the predominantly cultivated area.","The scene depicts a predominantly agricultural landscape, with 74% of the area covered by crops in a patchwork of fields, interspersed with a small forested area (20%) and sparse shrubland (1%) along the riverbank. A winding river cuts through the terrain, separating cultivated fields from a darker, denser vegetated zone in the lower right.","The scene is dominated by crop production, covering 74% of the area, indicating a primarily agricultural landscape.","The image depicts a landscape dominated by agricultural fields, interspersed with a meandering river and a forested area along the riverbank. A network of roads and smaller paths connects the various fields and settlements within the region.","A patchwork of agricultural fields dominates the landscape, interspersed with a winding river and bordered by a dense, dark forested area in the lower portion."
N37E043_037_008.png,test,45,0,44,7,1,1,2,"The image depicts a landscape dominated by tree cover (45%) and grassland (44%), with a small area of cultivated crops (7%) and a minimal amount of built-up areas (1%). A meandering river and associated riparian zone are present alongside a rocky, barren terrain, with a small amount of water (2%) visible within the river channel.","The scene depicts a predominantly forested and grassy landscape with a winding river cutting through the terrain, interspersed with small patches of agricultural fields and sparse built-up areas, reflecting a mixed-use rural environment.","The scene is predominantly forested, with trees covering 45% of the area, followed by grasslands at 44%, indicating a mix of natural vegetation with a slight dominance of woodland and open grassy areas. Crop land makes up a small portion, suggesting limited agricultural activity.","A meandering river flows through a landscape of reddish-brown rock formations and dense vegetation, with a small settlement situated along its banks. The area appears to be characterized by a rugged, canyon-like terrain.","A winding river carves through a rugged, mountainous terrain with terraced slopes and scattered settlements, indicating agricultural activity and human habitation in a hilly region."
N36E028_005_035.png,test,77,15,3,0,2,3,0,"The image depicts a landscape dominated by dense tree cover (77%), with interspersed shrubbery (15%) and a small area of barren land (3%). A road and a grey, possibly constructed, feature run through the forested area, indicating some level of human development and potentially a river or channel.","The scene depicts a predominantly forested mountainous region, with tree cover dominating 77% of the area and shrubs covering 15%, indicating a dense, vegetated landscape. Sparse built-up areas (2%) and patches of barren land (3%) are interspersed along a winding road, suggesting limited human development within the otherwise natural terrain.","The scene is dominated by dense tree cover, indicating a forested or wooded landscape with significant natural vegetation. A smaller portion consists of shrubs and grass, with minimal built-up and barren areas.","A winding road traverses a mountainous region dominated by dense forest cover, with a large, light-colored area suggesting a quarry or open pit mine near the river. The river itself flows through a valley characterized by exposed rock and sparse vegetation.","A winding road cuts through a rugged, forested mountainous region, with patches of cleared land and a small settlement visible near the upper left."
N36E037_023_004.png,test,0,0,2,96,2,0,0,"The image depicts a predominantly agricultural landscape dominated by cultivated crops (96%), with a small area of grass (2%) and minimal built-up areas (2%). A network of roads and irrigation channels crisscrosses the region, dividing the fields and suggesting intensive farming practices.","The scene is dominated by vast, geometrically patterned crop fields (96%), indicating intensive agriculture, with sparse built-up areas (2%) appearing as small, scattered clusters and a negligible grass cover (2%) visible as minor patches.","The scene is predominantly agricultural, with 96% of the area covered by crops, indicating a large-scale farming landscape. Grass covers a small fraction (2%), and built-up areas are minimal (2%), suggesting limited urban development.","The image depicts a heavily cultivated agricultural landscape characterized by a grid pattern of fields and irrigation canals. A small cluster of buildings and infrastructure is visible within a central area, suggesting a settlement or processing facility.","The image displays a patchwork of agricultural fields in varying shades of brown, indicative of dry or harvested crops, intersected by a network of roads and irrigation channels. A prominent linear feature, likely a river or canal, runs diagonally across the scene, defining the landscape’s hydrological structure."
N39E034_016_020.png,test,0,0,1,98,0,1,0,"The image depicts a landscape dominated by cultivated crops (98%), with a small area of barren land (1%) interspersed between them. A thin strip of grass (1%) is visible along the edges of the cultivated fields, and a network of linear features likely represents agricultural pathways or irrigation canals.","The scene is dominated by vast, uniform crop fields (98%) arranged in a patchwork of geometric plots, with sparse grass (1%) and barren land (1%) interspersed, suggesting intensive agricultural use across a largely flat or gently rolling terrain.","The scene is predominantly agricultural, with 98% of the area covered by crops, indicating a large-scale farming landscape. Grass covers a negligible portion, and barren land is minimal.","The image depicts a sparsely vegetated, arid landscape with cultivated fields divided by linear irrigation channels, suggesting agricultural activity in a dry region. A prominent, triangular-shaped feature likely represents a geological formation or natural landform within the broader, reddish-brown terrain.","A dry, arid landscape with patchwork agricultural fields and sparse vegetation, intersected by linear roads and bordered by darker, possibly forested or wetland areas."
