filename,split,Tree,Shrub,Grass,Crop,Built-up,Barren,Water,hybrid_gemma3-4b,hybrid_qwen3-vl-8b,text_qwen3-4b,vision_gemma3-4b,vision_qwen3-vl-8b
82094.png,synth,0,0,46,3,0,51,0,"The image depicts a landscape dominated by barren terrain (51%) interspersed with areas of grass (46%) and a small patch of cultivated crops (3%). A network of linear features, likely drainage channels or irrigation systems, cuts across the landscape.","The scene is dominated by barren land (51%), suggesting a dry, arid, or sparsely vegetated landscape, with patches of grass (46%) forming the second largest cover and minimal crop areas (3%) indicating limited agricultural activity. The spatial layout shows a rough, textured terrain with winding linear features, likely natural drainage or erosion patterns, interspersed with small, scattered vegetated zones.","The scene is predominantly barren, covering 51% of the area, with grass making up the next largest portion at 46%. Crop land is minimal at 3%.","This image depicts a desert landscape with extensive, linear drainage channels cutting through a predominantly sandy and rocky terrain. A small settlement and some cultivated land are visible within a valley, suggesting localized agricultural activity in an otherwise arid environment.","This remote sensing image shows a desert landscape dominated by sand dunes and wind-eroded terrain, with a small, isolated settlement or oasis visible near the center, indicating sparse human habitation in an arid environment."
260152.png,synth,58,0,42,0,0,0,0,"The image depicts a landscape dominated by tree cover (58%) interspersed with grassy areas (42%), situated along a prominent, dark river channel. The terrain appears to be hilly or mountainous, with a reddish-brown, possibly barren, surface extending across the lower portion of the scene.","The scene shows a landscape dominated by dense tree cover (58%) in the upper regions, interspersed with patches of grassland (42%) in the lower and mid-elevations, suggesting a mixed forest-grassland terrain with a clear vertical zonation.","The scene is predominantly forested, with trees covering 58% of the area, indicating a forested land use that likely supports natural vegetation and ecosystem services. Grasslands make up a significant but secondary portion, suggesting a mix of woodland and open grassy areas.","This image depicts a region with a mix of forested areas and a wide, meandering river valley, likely a floodplain, surrounded by arid or semi-arid terrain. The presence of the river suggests a significant water source and potentially agricultural or riparian land use along its banks.","This satellite image shows a rugged, mountainous terrain with patches of dense forest and exposed rocky slopes, interspersed with small, scattered settlements or clearings, indicating a sparsely populated, high-altitude region."
78965.png,synth,88,0,12,0,0,0,0,"The image depicts a landscape dominated by dense forest (88%) with a prominent river meandering through it, flanked by a narrow strip of grass (12%). The river appears to have created a series of small, reflective pools within the forested area.","The scene is dominated by dense tree cover (88%), forming a continuous, dark green landscape interrupted only by a winding river and a few small, lighter patches of grassland (12%) along its banks and in scattered clearings.","The scene is primarily forested, with tree cover dominating the landscape at 88%. Grass cover is minimal, indicating a sparse or scattered grassland component within the forested area.","This image depicts a heavily forested mountainous region with a large reservoir created by a dam, indicating significant alteration of the natural landscape for water storage and potential hydroelectric power. The surrounding terrain is characterized by steep slopes and dense vegetation, suggesting a primarily forested land use.","This satellite image shows a winding river cutting through a predominantly forested or mountainous terrain, with a few small, light-colored patches indicating cleared land or settlements along its banks. The river’s meandering course and the surrounding dense greenery suggest a natural, possibly rural or protected, landscape."
286594.png,synth,92,0,8,0,0,0,0,"The image depicts a heavily forested landscape dominated by trees (92%), with a smaller area of grass (8%). A network of meandering water channels, likely streams or rivers, cuts through the forested terrain, suggesting a mountainous or hilly region.","The scene is dominated by dense tree cover (92%), forming a continuous, lush green canopy across rolling terrain, with sparse grassy patches (8%) visible along winding paths and in scattered clearings.","The scene is predominantly forested, with tree cover accounting for 92% of the land use, indicating a dense woodland or forested area. Grass cover is minimal at 8%, suggesting sparse or transitional vegetation.","This image depicts a heavily forested mountainous region with a network of winding rivers and streams cutting through the terrain, suggesting significant areas of intact forest cover and potentially some localized agricultural or settlement activity along the waterways. The undulating terrain and dense vegetation indicate a steep, hilly landscape.","This satellite image shows a rugged, forested mountainous region with dense green vegetation, interspersed with winding roads and small clusters of human settlement, indicating a sparsely populated area where natural terrain dominates land use."
289134.png,synth,62,0,34,3,1,0,0,"The image depicts a landscape dominated by dense forest (62%) interspersed with expansive grassland (34%), with a small area of built-up settlement (1%) visible in the foreground and a limited area of cultivated crops (3%). A prominent river or waterway flows through the central portion of the image, separating the forested areas.","The scene is dominated by dense tree cover (62%) forming large, irregular patches, interspersed with grasslands (34%) and small, scattered crop areas (3%), with a minor built-up zone (1%) visible in the lower right. The spatial layout suggests a rural or semi-rural landscape where natural vegetation largely defines the terrain, with human development confined to a small, localized area.","The scene is predominantly forested, with trees covering 62% of the area, indicating a heavily wooded landscape. Grasslands occupy a significant secondary portion, suggesting natural or semi-natural vegetation, while agricultural and built-up areas are minimal.","This image depicts a region with dense forest cover along a coastline, interspersed with a developed urban area and a sandy beach. A river or channel flows through the landscape, connecting the forest to the coastal plain.","This satellite image shows a river valley with a small, clustered settlement at its base, surrounded by dense, dark green forested hillsides and a lighter-toned riverbed winding through the landscape."
256915.png,synth,0,0,43,55,0,2,0,"The image depicts a landscape dominated by cultivated crops (55%) interspersed with areas of grassland (43%), with a small percentage (2%) of barren land. A prominent, linear drainage channel cuts through the agricultural fields, suggesting a river or wash system within the terrain.","The scene depicts a predominantly agricultural landscape, with crop fields (55%) forming the dominant land use, interspersed with grassland (43%) and small patches of barren land (2%), arranged in a patchwork pattern across the terrain.","The scene is predominantly agricultural, with cropland covering 55% of the area, indicating a major focus on farming activities. Grasslands make up a smaller portion, suggesting some pasture or natural grass cover, while barren areas are minimal.","This image depicts a heavily eroded, arid landscape with extensive gullies and ravines carved into reddish-brown, likely sedimentary, terrain. The area shows evidence of past or present agricultural activity with rectangular fields interspersed among the natural drainage patterns.","This remote sensing image shows a rugged, arid landscape dominated by dry, brown terrain with a prominent, winding riverbed or canyon cutting through it, indicating a desert or semi-arid environment with sparse vegetation and significant topographic relief."
158009.png,synth,0,0,65,0,0,35,0,"The image depicts a landscape dominated by extensive grasslands (65%) interspersed with barren areas (35%), characterized by a prominent, deeply incised river valley and associated rugged terrain.","The scene depicts a predominantly grass-covered landscape, with grass dominating 65% of the area in a patchy, textured pattern, interspersed with 35% of barren, rugged terrain that appears as darker, more irregularly shaped patches, suggesting a semi-arid or mountainous environment with sparse vegetation.","The scene is predominantly grass-covered, indicating a large area of natural or managed pasture, with a smaller portion of barren land.","This image depicts a rugged, arid landscape characterized by extensive canyons and mesas, likely representing a desert or semi-arid region with minimal vegetation cover. The terrain suggests significant erosion and geological processes have shaped the land over time.","This satellite image shows a rugged, arid landscape dominated by mountainous terrain with steep slopes and deep valleys, likely in a desert or semi-arid region. Sparse vegetation and winding riverbeds or dry channels are visible, indicating low water availability and minimal human development."
82267.png,synth,0,0,7,90,1,2,0,"The image depicts a landscape dominated by cultivated crops (90%), with a small area of grass (7%) and minimal built-up areas (1%). A linear feature, likely a drainage canal or irrigation channel, bisects the agricultural fields, and a small portion of barren land (2%) is visible along the bottom edge.","The scene is dominated by vast, patchwork crop fields (90%), interspersed with small areas of grass (7%) and barren land (2%), with minimal built-up areas (1%) visible as isolated structures along linear roads.","The scene is predominantly agricultural, with 90% of the area covered by crops, indicating a large-scale farming landscape. Grass covers a small portion, suggesting limited natural pasture or field margins.","This image depicts an agricultural landscape characterized by numerous small, irregularly shaped fields, likely used for crop cultivation. A prominent linear feature, possibly a canal or irrigation channel, bisects the area, suggesting a reliance on water management for agricultural production.","This satellite image shows a patchwork of agricultural fields in a dry, arid region, characterized by varied soil tones and geometric crop patterns, bisected by a prominent linear road or riverbed. The landscape suggests intensive farming in a semi-arid environment with limited vegetation."
160889.png,synth,10,0,77,9,2,2,0,"The image depicts a landscape dominated by extensive grassland (77%), interspersed with scattered trees (10%) and a small area of cultivated crops (9%). A thin band of built-up area (2%) and barren land (2%) is visible along a river channel, suggesting a riparian zone and potentially agricultural activity.","The scene depicts a predominantly grass-covered landscape (77%) with scattered patches of tree cover (10%) and small areas of crop fields (9%), interspersed with minimal built-up (2%) and barren (2%) zones, suggesting a rural or semi-rural setting with agricultural activity. A prominent linear feature, likely a road or river, cuts horizontally across the image, dividing the terrain.","The scene is predominantly grassland, covering 77% of the area, with minor contributions from crops, trees, and built-up regions.","This image depicts a semi-arid landscape with a prominent river meandering through a network of canyons and valleys, suggesting agricultural land use along the riverbanks and sparse vegetation in the surrounding terrain. A wide, light-colored sand or gravel deposit forms a band across the upper portion of the image, likely a coastal feature or alluvial fan.","This satellite image shows a rugged, mountainous terrain with a prominent river or valley cutting through the landscape, characterized by patchwork patterns of agriculture or forest cover. A straight, light-colored linear feature, likely a road or railway, runs horizontally across the scene, contrasting with the natural topography."
104765.png,synth,54,7,36,0,2,1,0,"The image depicts a landscape dominated by dense tree cover (54%) interspersed with areas of grass (36%) and scattered shrubbery (7%), with a small area of built-up land (2%) and barren ground (1%). A network of linear features, likely roads or waterways, cuts through the terrain, connecting the forested areas to the developed zone.","The scene is dominated by dense tree cover (54%) interspersed with grasslands (36%), forming a largely natural landscape, with small, scattered built-up areas (2%) and minor barren patches (1%) indicating limited human development and sparse arid zones.","The scene is dominated by forest cover, with trees accounting for 54% of the land use, indicating a predominantly wooded area. Grasslands make up a significant portion at 36%, suggesting a mix of forest and open vegetation.","The image depicts a landscape dominated by agricultural fields and forested areas, with a network of rivers and streams flowing through the terrain. Several rectangular structures, likely buildings or infrastructure, are situated within the agricultural zone, suggesting a developed area within a rural setting.","This satellite image shows a small settlement nestled in a valley, surrounded by patchwork agricultural fields and dense forested areas, with a winding river or stream flowing through the landscape."
72867.png,synth,0,0,10,71,19,0,0,"The image depicts a landscape dominated by cultivated crops (71%), interspersed with smaller areas of grass (10%) and a significant urban area (19%) visible in the upper right corner. The overall scene suggests an agricultural region with a developed settlement integrated into the surrounding farmland.","The scene is dominated by extensive crop fields (71%), interspersed with patches of grass (10%) and a significant built-up area (19%) concentrated in the upper right, suggesting a rural-urban transition zone with agriculture as the primary land use.","The scene is primarily agricultural, with crop coverage dominating at 71%, indicating a large-scale farming area. Small portions are used for grass (10%) and built-up areas (19%), suggesting limited urban or infrastructure development.","This remote sensing image depicts a landscape dominated by agricultural fields, likely cultivated farmland, interspersed with a small urban area. The terrain shows distinct rolling hills and valleys, suggesting a gently sloping landscape.","This satellite image shows a patchwork of agricultural fields and a dense urban area, with a prominent river or canal winding through the landscape, highlighting the interplay between human settlement and rural land use."
263226.png,synth,1,0,84,11,2,2,0,"The image depicts a valley landscape dominated by extensive grasslands (84%) interspersed with cultivated crops (11%) and a small built-up area (2%). A network of roads and a linear feature suggesting a river or stream cut through the valley, alongside scattered barren areas (2%) and minimal tree cover (1%).","The scene depicts a rural, mountainous landscape dominated by grasslands (84%), with scattered crop fields (11%) and a small built-up area (2%) nestled in a valley, surrounded by barren slopes and sparse trees.","The scene is predominantly covered by grass (84%), indicating a large area of natural or managed open land, with minor contributions from crops, trees, and built-up areas. This suggests a rural or pasture-dominated landscape with limited human infrastructure.","The image depicts a rural area characterized by a small settlement surrounded by agricultural fields and sparse vegetation, situated within a mountainous terrain with a prominent river valley running through it. The landscape appears arid, with significant areas of exposed soil and limited green cover.","This satellite image shows a small village nestled in a rugged, mountainous valley, surrounded by steep, sparsely vegetated slopes with visible terracing and winding roads. The settlement features clustered buildings and small patches of cultivated land, indicating a rural, agricultural community adapted to a challenging topography."
169956.png,synth,0,0,90,0,0,10,0,"The image depicts a landscape dominated by extensive grassland (90%), interspersed with areas of barren terrain (10%). The terrain exhibits a complex network of ridges and valleys, suggesting a hilly or mountainous region with significant topographic variation.","The scene is dominated by grassland covering 90% of the area, with a patchy, textured appearance suggesting varied vegetation density, while 10% barren land appears as lighter, more exposed or rocky patches, creating a mottled spatial pattern.","The scene is predominantly grassland, indicating a large area of natural or managed pasture, with a small portion of barren land.","This image depicts a heavily eroded, arid landscape with extensive rocky terrain and sparse vegetation, likely a desert or semi-desert environment. The presence of light-colored patches suggests areas of exposed bedrock or salt deposits amidst the dominant brown and tan hues of the surrounding rock formations.","This remote sensing image depicts a rugged, arid landscape dominated by rocky terrain and sparse vegetation, with a prominent light-colored, possibly dry lakebed or alluvial fan feature nestled within a valley, indicative of a desert or semi-arid environment."
253600.png,synth,1,0,70,0,0,29,0,"The image depicts a landscape dominated by sparse grass cover (70%) interspersed with barren areas (29%), with a small percentage of trees (1%). A prominent, winding river channel cuts through the terrain, suggesting a fluvial environment with varying levels of vegetation and exposed ground.","The scene is dominated by grasslands (70%), interspersed with patches of barren land (29%) and sparse tree cover (1%), suggesting a semi-arid or transitional landscape with limited vegetation density and fragmented natural cover.","The scene is dominated by grass cover, indicating a large open, likely agricultural or natural grassland area, with minimal tree cover and a small portion of barren land.","This image depicts a rugged, mountainous landscape with a network of drainage channels and alluvial fans, suggesting an area of active erosion and potentially significant sediment deposition. The dominant land use appears to be sparsely vegetated terrain with exposed rock and soil, likely influenced by the steep slopes and fluvial processes.","This remote sensing image depicts a rugged, mountainous terrain with dense forest cover in dark brown tones, interspersed with lighter patches indicating exposed rock, snow, or sparse vegetation, and a winding river or stream cutting through the landscape."
74945.png,synth,84,0,16,0,0,0,0,"The image depicts a mountainous region dominated by dense forest cover (84%) interspersed with patches of grassland (16%), with a prominent, light-colored area likely representing a quarry or disturbed ground. A network of roads and trails winds through the forested terrain, suggesting human activity within the landscape.","The scene is predominantly forested, with tree cover dominating 84% of the area in a patchy, fragmented layout interspersed with smaller grassy clearings or corridors. This suggests a mixed woodland or savanna-like landscape where trees are the primary land use, with grasslands forming minor, scattered components.","The scene is predominantly forested, with tree cover making up 84% of the land use, indicating a dense woodland or forested area. Grass covers only 16%, suggesting limited open or agricultural land within the region.","This image depicts a mountainous region with significant mining activity, indicated by the presence of a large open-pit mine and associated roads, surrounded by dense, dark forested slopes. The terrain appears rugged and heavily altered by human extraction.","This satellite image shows a rugged, mountainous terrain with dense forest cover, interspersed with winding river valleys and patches of lighter-toned agricultural or cleared land, indicating a mix of natural and human-modified land use in a highland region."
257758.png,synth,5,8,84,0,0,3,0,"The image depicts a landscape dominated by extensive grasslands (84%), interspersed with scattered shrubs (8%) and a small amount of bare ground (3%). Visible terrain features include undulating hills and ridges, suggesting a hilly or mountainous region.","The scene is dominated by grass (84%), forming a vast, textured expanse, with scattered shrubs (8%) and sparse trees (5%) concentrated in patches, while barren areas (3%) appear as small, exposed patches, suggesting a semi-arid or open grassland landscape.","The scene is dominated by grass (84%), indicating a vast open grassland or pasture area. Minimal tree and shrub cover suggests sparse vegetation, with barren land making up a small portion.","The image depicts a rugged, mountainous landscape with predominantly barren, reddish-brown terrain, likely composed of exposed rock and soil. A small, light-colored structure (possibly a building or road) is visible within a valley, suggesting some human presence in this otherwise harsh and remote environment.","This remote sensing image depicts a rugged, mountainous terrain with complex topography, characterized by dark, textured slopes and patches of reddish-brown earth, likely indicating exposed rock or soil. There are no clear signs of significant human development or agriculture, suggesting a largely natural, undeveloped, or sparsely populated landscape."
283826.png,synth,64,0,19,0,0,0,17,"The image depicts a landscape dominated by tree cover (64%), interspersed with areas of grass (19%) and a coastline with water (17%). The terrain appears hilly and rugged, with a network of linear features suggesting drainage patterns and possibly roads or trails.","The scene depicts a predominantly forested landscape, with tree cover dominating 64% of the area and forming a continuous, textured canopy across rolling terrain, while grasslands occupy 19% and water bodies make up 17% along the coastal fringe.","The scene is dominated by forest cover, with trees making up 64% of the land use, indicating a primarily wooded area. Grasslands account for a significant but secondary portion, while water bodies occupy a smaller fraction of the landscape.","This image depicts a mountainous region with a mix of forested areas and arid, brown terrain, suggesting varied land use and potentially areas of erosion or degradation. A coastline with a sandy beach is visible along the lower left, indicating a coastal environment.","This satellite image shows a rugged, mountainous coastal region with dense green forests covering much of the land, interspersed with lighter-toned areas indicating agriculture or settlements. A prominent bay and coastline define the western edge, with a distinct peninsula jutting into the deep blue sea."
234615.png,synth,11,0,84,0,0,5,0,"The image depicts a landscape dominated by extensive grasslands (84%), with scattered patches of trees (11%) and minimal barren areas (5%). A prominent network of winding, light-colored channels suggests a fluvial system, likely a river or series of waterways, traversing the terrain.","The scene is dominated by vast expanses of grassland (84%), interspersed with sparse tree cover (11%) and small patches of barren land (5%), suggesting a semi-arid or steppe environment with limited vegetation density and scattered human or natural disturbances.","The scene is predominantly grassland, with 84% coverage, indicating a large open area of natural or managed grass cover, while trees and barren areas are minor components.","This image depicts a vast, arid landscape likely representing a desert or semi-arid region, characterized by extensive sand dunes and sparse vegetation. A meandering river or drainage channel is visible, suggesting a potential source of water and supporting limited riparian land use.","This satellite image shows a rugged, arid mountainous region with sparse vegetation, characterized by winding river valleys and scattered settlements along waterways. The terrain’s complex topography, with prominent ridges and gullies, suggests a high-elevation, semi-desert environment where human habitation is concentrated near limited water sources."
269284.png,synth,0,0,95,0,0,5,0,"The image depicts a landscape dominated by extensive grassland (95%), interspersed with areas of barren land (5%). A prominent drainage channel or gully cuts through the terrain, suggesting a fluvial feature within the grassy area.","The scene is dominated by grassland, covering 95% of the area with a textured, mottled appearance suggesting varied vegetation density across rolling terrain, while sparse, scattered barren patches make up the remaining 5%.","The scene is predominantly grassland, indicating a well-developed natural or managed pasture with minimal human disturbance. Only a small portion (5%) is barren, suggesting sparse or degraded soil areas.","The image depicts a rugged, arid landscape with extensive rocky terrain and sparse vegetation, likely a desert or semi-arid region. A prominent drainage channel or riverbed cuts through the area, suggesting a potential area for limited agricultural or grazing use.","This remote sensing image depicts a rugged, arid mountainous region with sparse vegetation, characterized by steep slopes, rocky outcrops, and a winding riverbed or dry creek cutting through the terrain. The dominant land use appears to be natural, undeveloped wilderness with minimal human infrastructure visible."
21545.png,synth,1,0,96,0,0,3,0,"The image depicts a landscape dominated by extensive grassland (96%) interspersed with areas of barren ground (3%). A prominent, winding channel or drainage feature is visible, suggesting a fluvial system within the predominantly grassy terrain.","The scene depicts a predominantly grass-covered landscape, with sparse tree cover and scattered barren areas, suggesting a semi-arid or dry grassland environment with minimal dense vegetation and some exposed soil or rock.","The scene is predominantly covered by grass, indicating an open, natural pasture or meadow with minimal tree cover and little barren land.","This image depicts a heavily eroded, arid landscape with dark, rocky terrain and a meandering, light-colored river channel cutting through the area, suggesting a past or present fluvial system in a dry environment. The overall land use appears to be primarily barren and rocky, with limited vegetation.","This satellite image shows a rugged, arid landscape dominated by dry, rocky terrain with sparse vegetation, featuring a prominent, crescent-shaped depression likely a dry riverbed or basin, indicative of a desert or semi-arid region with minimal human development."
163192.png,synth,0,0,1,63,4,32,0,"The image depicts a predominantly barren landscape (32%) interspersed with cultivated crop fields (63%) and a small area of built-up land (4%). A prominent, eroded feature, likely a dry wash or gully, dominates the center of the image, surrounded by extensive, relatively flat, arid terrain.","The scene is dominated by barren land (32%) and crop fields (63%), forming a patchwork of agricultural use across a largely arid landscape, with small, scattered built-up areas and minimal grass cover.","The scene is dominated by crop production, covering 63% of the area, with significant portions of barren land (32%) and minor built-up and grass areas.","The image depicts a largely arid landscape dominated by sandy terrain and extensive river channels, with small cultivated areas visible along the riverbanks. A prominent, rounded hill or mesa stands out within the broader desert environment.","This satellite image shows an arid, sparsely vegetated desert landscape dominated by sand dunes and dry riverbeds, with a prominent linear feature—likely a road or railway—cutting across the terrain near a small, possibly saline, water body in the lower right."
41198.png,synth,91,0,9,0,0,0,0,"The image depicts a heavily forested mountainous region dominated by trees (91%), with scattered patches of grass (9%). A meandering river or stream winds through the valleys and lower slopes of the terrain.","The scene is overwhelmingly dominated by dense tree cover (91%), forming a continuous, textured green canopy across the landscape, with scattered, narrow patches of grass (9%) visible along linear features like riverbanks or ridges.","The scene is primarily dominated by forest land use, with trees covering 91% of the area. Grass covers only 9%, indicating minimal open or agricultural land use.","This image depicts a mountainous region dominated by dense forest cover, with a network of winding rivers and streams carving through the terrain. Evidence of some disturbed areas, likely due to roads or small-scale agriculture, are interspersed within the forested landscape.","This satellite image shows a rugged, forested mountainous region with dense green vegetation and winding river systems carving through the terrain, indicating a natural, largely undeveloped landscape."
199289.png,synth,0,0,34,65,0,1,0,"The image depicts a landscape dominated by cultivated crops (65%) interspersed with areas of grass (34%), with a small percentage (1%) of barren land. A prominent linear feature, likely a river or drainage channel, cuts across the image, influencing the distribution of these land uses.","The scene is dominated by extensive crop fields (65%), interspersed with patches of grass (34%) and sparse barren land (1%), forming a patchwork agricultural landscape with visible field boundaries and minor linear features like roads or waterways.","The scene is primarily agricultural, with cropland covering 65% of the area, indicating extensive farming activity. Grass covers a smaller portion, suggesting some pasture or natural vegetation, while barren land is minimal.","This image depicts a heavily eroded, arid landscape with extensive agricultural fields, likely cultivated in a semi-arid region. A prominent, winding river channel cuts through the terrain, suggesting a significant drainage system and past fluvial activity.","This satellite image shows a semi-arid or arid landscape dominated by patchwork agricultural fields and dry, eroded terrain, with a winding river or stream cutting through the area, indicating a region shaped by both human cultivation and natural water flow."
143454.png,synth,100,0,0,0,0,0,0,"The image depicts a heavily forested mountainous region, dominated by dense tree cover (100%). A river or stream meanders through the lower slopes, carving a path through the terrain.","The scene is entirely covered by dense tree canopy, forming a continuous, undulating green landscape that follows the contours of rolling hills and valleys, indicating a uniformly forested terrain with no visible clearings or non-vegetated areas.","The scene is dominated by forest land use, with 100% coverage of trees, indicating a dense, contiguous woodland or natural forest area.","This image depicts a mountainous region with dense, green vegetation covering much of the land, likely indicating a forested area. A prominent river or stream meanders through the valley floor, carving through the terrain and highlighting the rugged topography.","This remote sensing image depicts a rugged, mountainous terrain with varied vegetation, showing distinct green forested areas interspersed with brownish, possibly drier or less vegetated slopes, and a winding river or stream carving through the landscape."
81589.png,synth,0,0,97,1,0,2,0,"The image depicts a landscape dominated by extensive grassland (97%), with a small area of cultivated crops (1%) and minimal barren land (2%). The terrain appears undulating with visible drainage patterns and subtle variations in surface color suggesting varied vegetation cover.","The scene is predominantly covered by grass, with a patchwork of darker, textured areas indicating sparse crop fields and small barren patches, suggesting a rural landscape with minimal intensive agriculture.","The scene is predominantly grassland, with extensive natural vegetation covering the area. Crop and barren land occupy minor portions of the landscape.","This image depicts a rugged, arid landscape characterized by extensive rocky terrain and sparse vegetation, likely a desert or semi-desert environment. Small patches of green suggest localized areas of moisture or potential for limited agriculture.","This satellite image shows a rugged, mountainous terrain with varied vegetation, likely in a temperate or semi-arid region, featuring patches of forest, scrubland, and possibly agricultural areas interspersed with winding rivers or streams carving through the landscape."
89506.png,synth,0,0,2,95,0,3,0,"The image depicts a landscape dominated by cultivated crops (95%), interspersed with small areas of barren land (3%). A minimal amount of grass (2%) is visible, and a network of linear features, likely irrigation canals or roads, cuts across the agricultural fields.","The scene depicts a predominantly agricultural landscape, where vast, patchwork fields of crop (95%) dominate the spatial layout, interspersed with small areas of barren land (3%) and sparse grass (2%), suggesting intensive farming in a semi-arid or dry region.","The scene is predominantly agricultural, with 95% of the area covered by crops, indicating a large-scale farming landscape. Grass covers a small portion (2%), and 3% is barren land, suggesting limited natural vegetation or disturbed areas.","The image depicts a landscape dominated by agricultural fields, likely cultivated in a grid pattern, interspersed with some areas of lighter-toned, possibly arid or sparsely vegetated terrain. A network of linear features, possibly irrigation canals or roads, cuts through the agricultural areas, suggesting a managed landscape.","This satellite image shows a patchwork of agricultural fields in a dry, semi-arid region, characterized by varied soil tones and sparse vegetation, with a winding river or stream cutting through the landscape."
200154.png,synth,0,0,7,93,0,0,0,"The image depicts a landscape dominated by cultivated crops (93%), arranged in a grid-like pattern of fields, with a small area of grass (7%) visible along the edges. A network of linear features, likely drainage ditches or canals, cuts through the agricultural fields.","The scene is dominated by a patchwork of agricultural fields, with crop land covering 93% of the area and grass occupying only 7%, indicating intensive farming. The spatial layout shows a grid-like pattern of rectangular plots, suggesting organized cultivation, with some darker green patches likely representing grass or fallow areas interspersed among the crops.","The scene is predominantly agricultural, with 93% of the area covered by crops, indicating a large-scale farming operation. Grass makes up a small portion (7%), suggesting limited natural pasture or buffer areas.","This remote sensing image depicts a heavily cultivated agricultural landscape characterized by numerous rectangular fields, likely used for crop production. A prominent, meandering river or drainage channel cuts through the fields, suggesting a floodplain or area influenced by water flow.","This satellite image shows a patchwork of agricultural fields in a dry, semi-arid region, characterized by varied soil tones and sparse vegetation, with a winding road or river cutting through the landscape."
53751.png,synth,0,0,3,97,0,0,0,"The image depicts a landscape dominated by extensive agricultural fields (97%) with a network of irrigation channels and roads, interspersed with small patches of sparse grass (3%). The terrain appears relatively flat with a prominent, linear feature suggesting a transportation route cutting through the cultivated areas.","The scene is dominated by agricultural cropland (97%), arranged in a patchwork of geometric fields, with sparse grassland (3%) interspersed along edges and in small pockets. A network of roads and a winding river cuts through the landscape, defining the spatial structure of this intensively farmed area.","The scene is predominantly agricultural, with 97% of the area covered by crops, indicating a large-scale farming landscape. Grass covers only a small fraction (3%), suggesting limited natural pasture or non-crop vegetation.","The image depicts a landscape dominated by agricultural fields, likely for cultivation, crisscrossed by a network of roads and irrigation channels. A meandering river and lighter-toned terrain suggest a potentially arid or semi-arid environment with a focus on water management for farming.","This satellite image shows a patchwork of agricultural fields in a semi-arid region, characterized by varied soil tones and geometric crop patterns, intersected by a prominent road and a winding river or stream."
72694.png,synth,90,0,6,0,0,1,3,"The image depicts a landscape dominated by dense forest (90%) interspersed with patches of grass (6%) and a small amount of barren land (1%). A meandering stream flows through the forested area, with a narrow strip of water (3%) along its banks, and a coastal area visible in the lower left corner.","The scene is dominated by dense tree cover across rolling, hilly terrain, with narrow strips of grass and sparse barren patches scattered along ridges and valleys, and a small coastal water body visible in the lower-left corner.","The scene is predominantly forested, with tree cover accounting for 90% of the land use, indicating a dense woodland or forested area. Minimal grass and barren land suggest limited agricultural or disturbed surface features.","The image depicts a mountainous region dominated by dense forest cover, with a winding river carving through the terrain and a coastal area visible in the lower left corner. A narrow road follows the river valley, suggesting human access and potentially some level of development within the forested landscape.","This satellite image shows a rugged, forested mountainous region with a winding road cutting through the terrain, bordered by a coastal area with a turquoise bay and a small settlement or port on the lower left."
177973.png,synth,0,0,9,16,0,75,0,"The image depicts a predominantly barren landscape characterized by extensive linear drainage patterns, with small areas of cultivated crops and sparse grass cover. The terrain appears to be arid and heavily eroded, with approximately 75% of the area consisting of barren ground.","The scene is dominated by barren land (75%), forming a vast, textured expanse with subtle variations in tone and pattern, likely indicating arid or semi-arid terrain. Small, scattered patches of crop (16%) and grass (9%) are present, suggesting limited, localized agricultural or vegetative activity within the otherwise barren landscape.","The scene is predominantly barren, covering 75% of the area, with minor patches of grass and crop.","This image depicts a heavily eroded, arid landscape likely composed of sedimentary rock and sand, characterized by extensive winding channels and ridges indicative of past water flow. The overall terrain suggests a region with minimal vegetation and a history of significant fluvial activity.","This remote sensing image depicts a rugged, arid landscape dominated by desert terrain, characterized by intricate networks of dry riverbeds (wadis) and subtle topographic variations in earthy brown tones, indicating sparse vegetation and minimal human development."
105345.png,synth,63,0,37,0,0,0,0,"The image depicts a landscape dominated by dense tree cover (63%) interspersed with areas of grassland (37%), adjacent to a body of water. A narrow strip of lighter-toned land, likely agricultural, is visible along the lower edge of the image.","The scene is dominated by dense tree cover (63%) forming a continuous, dark green canopy across most of the area, with patches of lighter green grassland (37%) interspersed, particularly in the lower portion and along linear features like roads or field boundaries.","The scene is primarily forested, with trees covering 63% of the area, indicating a dominant land use of woodland or forest. Grass covers the remaining 37%, suggesting some open or transitional areas, but forest remains the predominant land cover.","The image depicts a landscape dominated by dense, green forest along a shoreline, with a significant body of water extending inland. A narrow strip of agricultural land is visible along the lower portion of the image, suggesting a transition zone between the forest and cultivated areas.","This remote sensing image shows a patchwork of agricultural fields in varying shades of green, bordered by a dense forested area and a winding river or stream, indicating a mixed-use landscape where farming coexists with natural vegetation."
117377.png,synth,87,0,13,0,0,0,0,"The image depicts a landscape dominated by dense tree cover (87%), interspersed with patches of grass (13%), and characterized by a network of linear drainage channels cutting through the terrain.","The scene is dominated by dense tree cover (87%), forming a continuous, dark canopy with subtle variations in texture and tone, while sparse grassy areas (13%) appear as lighter, fragmented patches, likely along edges or in clearings, indicating a predominantly forested landscape with minimal open ground.","The scene is predominantly forested, with tree cover accounting for 87% of the land use, indicating a well-established woodland or forested area. Grass coverage is minimal at 13%, suggesting sparse open ground or edges within the forest.","This image depicts a heavily forested mountainous region with a network of river valleys and drainage channels, suggesting a landscape dominated by dense vegetation and significant topographic relief. The dark tones indicate a substantial amount of vegetation cover and potentially limited sunlight penetration into the lower elevations.","This satellite image shows a rugged, forested mountainous region with dense vegetation dominating the landscape, interspersed with winding roads and small settlements, likely indicating a sparsely populated, rural area with significant natural cover."
281748.png,synth,51,0,48,1,0,0,0,"The image depicts a landscape dominated by dense tree cover (51%) interspersed with extensive grassy areas (48%), with a small area of cultivated crops (1%). A network of roads and trails cuts through the terrain, suggesting a region with significant forest and open land use, potentially in a hilly or mountainous area.","The scene is dominated by dense tree cover (51%) forming a continuous canopy, interspersed with extensive grasslands (48%) and fragmented, sparse crop fields (1%) along linear roadways and in small patches.","The scene is predominantly forested, with trees covering 51% of the area, followed by grasslands at 48%, and a small fraction dedicated to crops.","The image depicts a hilly landscape with a mix of agricultural land (fields and pastures), forested areas, and a network of roads. A prominent, dark green forested ridge dominates the upper portion of the scene, suggesting a significant forested region within the broader hilly terrain.","This satellite image shows a rural landscape with patchwork agricultural fields, interspersed with dense forested areas along a winding river or stream. A network of roads and a small settlement are visible, indicating human activity within the otherwise natural terrain."
136028.png,synth,5,0,11,0,32,1,51,"The image depicts a coastal area dominated by water (51%), with a significant portion covered by built-up areas (32%) and interspersed with patches of grass (11%). A small amount of barren land (1%) and scattered trees (5%) are also visible within the landscape.","The scene depicts a densely built-up coastal area dominating the land, surrounded by vast water bodies and small patches of grass and trees, with barren land appearing as sparse, scattered features.","The scene is dominated by water, covering 51% of the area, indicating a wetland, lake, or coastal environment with minimal terrestrial land use. Built-up areas (32%) suggest some human development, but the vast majority of the landscape is water.","This image depicts a coastal region with a dense network of agricultural fields and settlements, suggesting intensive land use for farming and habitation. A prominent peninsula extends into the sea, bordered by a dark body of water, and characterized by rugged terrain and scattered rocky outcrops.","This satellite image shows a densely urbanized coastal area, likely a major city, with a prominent peninsula jutting into dark water. The urban sprawl is interspersed with patches of green, suggesting parks or vegetation, and the coastline features a mix of developed and possibly natural or agricultural land."
4343.png,synth,46,0,54,0,0,0,0,"The image depicts a hilly landscape dominated by grassy areas (54%) interspersed with scattered trees (46%), with a few small structures visible along the higher elevations. The terrain appears rugged and uneven, suggesting a mountainous or hilly region.","The scene depicts a predominantly grassland landscape, covering 54% of the area, interspersed with tree cover (46%) that forms patchy, irregular clusters, suggesting a mixed-use rural or semi-natural environment.","The scene is dominated by grassland, with a minor presence of trees, indicating a primarily open, natural or pasture-based land use.","The image depicts a rugged, mountainous terrain with sparse vegetation and a small cluster of buildings suggesting a rural settlement. The landscape is dominated by dark, rocky slopes and a winding road cutting through the area.","This satellite image shows a rugged, mountainous terrain with patchy vegetation and scattered human settlements, indicating a sparsely populated rural or semi-rural area with limited agricultural development. Key features include winding roads, small clusters of buildings, and a mix of forested and bare slopes, suggesting a landscape shaped by both natural topography and low-intensity land use."
73998.png,synth,43,0,57,0,0,0,0,"The image depicts a landscape characterized by extensive areas of grass (57%) interspersed with scattered trees (43%), primarily concentrated in localized patches. The terrain appears to be hilly or mountainous, with a predominantly brown and tan color palette suggesting arid or semi-arid conditions.","The scene depicts a landscape dominated by grass (57%) interspersed with tree cover (43%), forming a mottled, patchy pattern across the terrain. This suggests a mixed-use environment, possibly a savanna or transitional woodland, where grasslands are the primary land cover but are punctuated by clusters or stands of trees.","The scene is predominantly grassland, with trees making up a smaller portion of the area, indicating a rural or natural landscape with minimal tree cover.","This image depicts a semi-arid landscape characterized by extensive areas of dry, brown vegetation and sparse green patches likely representing localized vegetation or water sources. The terrain is rugged, with numerous winding valleys and ridges suggesting a mountainous or hilly region.","This remote sensing image depicts a rugged, mountainous terrain with patchy vegetation, likely a highland or alpine region. The interplay of green and brown tones suggests a mix of forested or shrub-covered slopes and exposed, possibly rocky or barren, areas, indicative of variable land use and natural topography."
91585.png,synth,86,0,14,0,0,0,0,"The image depicts a mountainous region dominated by dense forest cover (86%) with scattered areas of grassland (14%). A meandering river system cuts through the landscape, following a valley between the forested hills.","The scene depicts a predominantly forested landscape, with tree cover dominating 86% of the area and forming a continuous, dense canopy across rolling terrain, interspersed with narrow strips of grassland that follow natural contours and waterways.","The scene is predominantly forested, with tree cover accounting for 86% of the land use, indicating a dense woodland or forested area. Grass cover makes up a minor portion, suggesting sparse or transitional vegetation.","This image depicts a mountainous region dominated by dense forest cover, with a meandering river cutting through the landscape and a network of roads and settlements along its banks. The terrain appears rugged and heavily vegetated, suggesting a primarily rural or forested land use.","This satellite image shows a rugged, forested mountainous region with dense green vegetation, intersected by winding roads and small clearings that suggest rural or agricultural land use. A prominent river or stream cuts through the valley, defining the topography and likely supporting local ecosystems and human activity."
44416.png,synth,0,0,44,56,0,0,0,"The image depicts a landscape dominated by cultivated crops (56%) interspersed with areas of grassland (44%), with a network of roads and drainage channels visible throughout the scene. The terrain appears relatively flat with subtle topographic variations, suggesting a region suitable for agricultural development.","The scene shows a predominantly agricultural landscape, with crop fields (56%) interspersed among patches of grassland (44%), forming a patchwork pattern across the terrain.","The scene is primarily dominated by crop cultivation, covering 56% of the area, with grassland making up a smaller portion at 44%.","This image depicts a semi-arid landscape with extensive areas of cultivated fields interspersed with lighter-toned, likely sandy or gravelly, terrain. A network of roads and tracks suggests agricultural activity and potentially some transportation infrastructure within this rugged, hilly region.","This remote sensing image shows a semi-arid or arid landscape dominated by dry, brown terrain with patchy green vegetation, likely indicating sparse agriculture or natural scrubland. A winding river or stream cuts through the scene, creating a distinct linear feature and influencing the surrounding land use patterns."
131311.png,synth,0,0,0,88,0,12,0,"The image depicts a landscape dominated by agricultural fields (88%) arranged in a grid pattern, with a smaller area of barren land (12%) visible in the background. The overall appearance suggests a cultivated area with a consistent crop type.","The scene depicts a predominantly agricultural landscape, with 88% of the area covered by cultivated crops arranged in a patchwork of geometric fields, interspersed with 12% of barren land, likely fallow or undeveloped terrain.","The scene is predominantly agricultural, with 88% of the area covered by crops, indicating intensive farming activity. A small portion (12%) is barren, suggesting limited natural vegetation or land degradation.","The image depicts a highly terraced landscape, likely an agricultural area, characterized by a grid-like pattern of cultivated fields. The distinct terraces suggest a region with significant elevation changes and a history of intensive farming practices.","This remote sensing image shows a patchwork of agricultural fields, likely dry or fallow farmland, characterized by geometric patterns of cultivation. A prominent linear feature, possibly a road or irrigation channel, cuts diagonally across the scene, intersecting the fields."
92048.png,synth,79,0,17,1,3,0,0,"The image depicts a landscape dominated by dense forest (79%) interspersed with patches of grass (17%), with a small area of cultivated crops (1%) and minimal built-up areas (3%). A prominent linear feature, likely a road or river, cuts through the forested terrain.","The scene is dominated by dense tree cover (79%), forming a continuous, forested landscape with subtle variations in shade and texture. Scattered patches of grass (17%) and isolated built-up areas (3%) are interspersed, with a prominent linear feature—likely a road or river—cutting through the terrain.","The scene is predominantly forested, with tree cover accounting for 79% of the land use, indicating a dense woodland or forested area. Grass covers a significant secondary portion, suggesting natural or semi-natural vegetation, while crops and built-up areas are minimal.","The image depicts a heavily forested mountainous region with a prominent river winding through the landscape, suggesting significant areas of natural vegetation and potentially riparian land use. Scattered settlements are visible along the riverbank, indicating localized human activity within the forested terrain.","This satellite image shows a winding river cutting through a predominantly forested or vegetated landscape, with scattered clearings and small settlements along its banks, indicating a mix of natural and human-modified land use in a hilly or mountainous region."
89132.png,synth,14,0,86,0,0,0,0,"The image depicts a landscape dominated by extensive grasslands (86%) interspersed with scattered patches of trees (14%), situated within a rugged, mountainous terrain with exposed rock formations. The overall color palette suggests a dry, arid environment.","The scene depicts a predominantly grass-covered landscape, with patches of darker green tree cover scattered across the terrain, suggesting a semi-arid or savanna-like environment where grasslands dominate and trees are sparsely distributed.","The scene is predominantly grassland, with minimal tree cover, indicating an open, likely agricultural or natural pasture landscape.","The image depicts a rugged, arid landscape with extensive areas of bare, reddish-brown earth interspersed with patches of dense, green vegetation likely representing a riparian area or oasis. The terrain appears mountainous and heavily eroded, suggesting a region with significant geological activity.","This satellite image shows a rugged, mountainous terrain with patches of dense green forest interspersed with brown, barren slopes and scattered small water bodies, indicating a varied landscape with significant natural vegetation and possible seasonal or human-induced land degradation."
236420.png,synth,62,0,32,6,0,0,0,"The image depicts a landscape dominated by dense forest (62%) interspersed with expansive areas of grassland (32%), with a small percentage (6%) of cultivated crops. Linear features suggest drainage patterns and possibly riverbeds cutting through the terrain.","The scene is dominated by dense tree cover (62%), interspersed with patches of grassland (32%) and small, scattered crop fields (6%), suggesting a rural landscape where forests are the primary land use, with agriculture confined to smaller, fragmented areas.","The scene is predominantly forested, with trees covering 62% of the area, indicating a significant natural woodland or forested landscape. Grasslands make up a notable secondary portion, while crop land is minimal at 6%.","The image depicts a mountainous region with a mix of forested areas, agricultural fields (primarily reddish-brown), and some exposed rocky terrain. A network of river channels and valleys cuts through the landscape, suggesting a region with significant fluvial activity and diverse land use patterns.","This satellite image shows a mixed-use landscape dominated by forested areas interspersed with agricultural fields and patches of bare or sparsely vegetated land, likely indicating recent land use change or seasonal variation. A prominent river or stream meanders through the terrain, carving a visible path through the varied topography."
272176.png,synth,80,0,20,0,0,0,0,"The image depicts a mountainous region dominated by dense forest cover (80%), interspersed with patches of grassland (20%). A meandering river flows through the valley, carving through the terrain and highlighting variations in land cover.","The scene is dominated by dense tree cover, forming large, contiguous green areas that suggest a forested or heavily wooded landscape, interspersed with smaller patches of lighter-toned grassland and possibly bare or agricultural land.","The scene is predominantly forested, with tree cover accounting for 80% of the land use, indicating a wooded or natural forested area. Grassland occupies a minor portion, suggesting limited open or pasture land.","The image depicts a mountainous region dominated by dense, green forest cover, with a meandering river cutting through the landscape. Scattered patches of lighter-toned areas suggest agricultural land or disturbed ground within the forested terrain.","This satellite image shows a mixed-land-use landscape dominated by dense green forest in the lower right, contrasted with fragmented agricultural or cleared areas in the upper left and center, with a winding river or stream cutting through the terrain."
139200.png,synth,0,0,82,17,0,1,0,"The image depicts a landscape dominated by extensive grassland (82%), interspersed with cultivated crops (17%), and a small area of barren land (1%). A prominent, meandering river channel cuts through the terrain, suggesting a significant water source supporting the vegetation.","The scene is dominated by grasslands covering 82% of the area, interspersed with smaller patches of crop fields (17%) and sparse barren land (1%), suggesting a rural landscape with agricultural activity concentrated in specific parcels.","The scene is predominantly grassland, with extensive natural vegetation covering 82% of the area. Crop cultivation accounts for a smaller portion (17%), indicating a mix of natural and agricultural land use.","This remote sensing image depicts a semi-arid landscape characterized by extensive areas of reddish-brown, likely sandy or rocky, terrain interspersed with patches of green vegetation, suggesting cultivated fields or riparian areas along a meandering river channel. The terrain exhibits significant erosion and undulating topography, indicating a potentially unstable and arid environment.","This satellite image shows a semi-arid or arid landscape dominated by patchy agriculture and sparse vegetation, with a winding river or stream cutting through the terrain and defining a central valley. The varied brown and green tones indicate dry soil interspersed with cultivated fields and natural vegetation, typical of a region with limited water resources."
216815.png,synth,0,0,54,45,0,1,0,"The image depicts a landscape dominated by grassy areas (54%) and cultivated crops (45%), interspersed with a small area of barren land (1%). A prominent, meandering river channel cuts through the terrain, suggesting a fluvial environment with associated alluvial plains and potentially supporting agricultural activity along its banks.","The scene depicts a predominantly grass-covered landscape with scattered crop fields, set within a rugged, mountainous terrain where barren land is minimal and confined to steep or rocky areas.","The scene is predominantly grassland, covering 54% of the area, with a significant portion dedicated to crops at 45%. Grassland is the dominant land use, slightly outpacing agricultural land.","This image depicts a semi-arid landscape with extensive areas of dry, brown vegetation and rocky terrain, likely representing rangeland or sparsely vegetated desert. A prominent river channel and associated floodplains cut through the landscape, suggesting a critical water source and potential agricultural or riparian land use.","This satellite image shows a rugged, arid mountainous region with varied terrain, including steep slopes, valleys, and ridges, characterized by sparse vegetation and earthy tones. A prominent, elongated depression or basin is visible, likely a geological feature such as a graben or fault-bounded valley, with subtle linear patterns suggesting erosion or human activity like agriculture or roadways."
237435.png,synth,82,0,5,0,13,0,0,"The image depicts a landscape dominated by dense forest (82%) with a meandering river cutting through it, alongside a small area of built-up development (13%). A narrow strip of grass (5%) is visible along the riverbank.","The scene is dominated by dense tree cover, with built-up areas clustered along river valleys and ridges, forming a fragmented settlement pattern amidst the forested terrain.","The scene is predominantly forested, with trees covering 82% of the area, indicating a dense woodland or forested landscape. Grass and built-up areas are minor components, suggesting limited open land or urban development.","The image depicts a mountainous region with a significant urban area clustered along a winding river, indicating a combination of residential and industrial land use. A prominent river channel cuts through the landscape, flanked by roads and scattered settlements within the forested hillsides.","This satellite image shows a mountainous region with dense forest cover, interspersed with a small town or village and winding roads along a river valley. The settlement is nestled in a valley, with the river carving a distinct path through the rugged terrain."
166929.png,synth,73,0,27,0,0,0,0,"The image depicts a landscape dominated by dense tree cover (73%) interspersed with patches of grass (27%), primarily situated within a hilly or mountainous terrain. A narrow road is visible traversing the lower portion of the image, suggesting a pathway through the forested area.","The scene is dominated by dense tree cover (73%), forming a continuous, forested landscape with subtle variations in green tones, while patches of grassland (27%) appear as lighter, more open areas, particularly in the lower-left quadrant, suggesting a mixed-use terrain with natural vegetation as the primary land cover.","The scene is predominantly forested, with tree cover accounting for 73% of the land use, indicating a well-established woodland or forested area. Grass covers the remaining 27%, suggesting some open or transitional areas within the forest.","The image depicts a mountainous region with a significant amount of forested land interspersed with areas of exposed, reddish-brown soil and sparse vegetation, suggesting a landscape with varied land use and potentially erosion. A narrow road winds through the lower slopes, indicating some level of human activity within the terrain.","This satellite image shows a rugged, mountainous terrain with patchy forest cover and extensive areas of cleared land, likely for agriculture or pasture, interspersed with winding roads and small settlements. The landscape features steep slopes and valleys, with a prominent river or stream cutting through the lower right quadrant."
196249.png,synth,0,0,91,4,0,5,0,"The image depicts a landscape dominated by extensive grassland (91%), with a small area of cultivated crops (4%) and sparse barren land (5%). The terrain appears to be hilly or mountainous, exhibiting a rugged, undulating surface.","The scene is dominated by extensive grasslands covering 91% of the area, interspersed with small, scattered patches of crop fields and barren land, suggesting a rural or semi-arid landscape with limited intensive agriculture.","The scene is predominantly covered by grass, indicating a large area of natural or managed pastureland. Crop and barren areas are minor components, suggesting limited agricultural or disturbed land use.","This image depicts a semi-arid landscape characterized by extensive areas of dry, brown vegetation and rocky terrain, likely representing a desert or scrubland environment. A prominent, vegetated mountain range dominates the center of the scene, suggesting a potential watershed or area of localized moisture.","This remote sensing image depicts a rugged, arid or semi-arid landscape with patchy vegetation, likely a mountainous or hilly region. Key features include terraced agricultural areas, winding roads, and scattered settlements nestled in valleys, indicating human modification of the terrain for farming and habitation."
5697.png,synth,5,0,63,2,0,22,8,"The image depicts a landscape dominated by barren terrain and extensive grasslands, with a significant body of water forming a prominent lake within a network of linear valleys. Approximately 63% of the area is covered by grass, while 22% is barren, with a small percentage of crops and trees scattered throughout the region.","The scene is dominated by grasslands (63%), interspersed with extensive barren areas (22%) and a significant water body (8%), suggesting a semi-arid or steppe environment with limited tree cover (5%) and sparse agriculture (2%).","The scene is predominantly covered by grass (63%), indicating a large area of natural or managed grassland. Small patches of crop and barren land suggest limited agricultural activity and some exposed soil, while water occupies a minor portion.","This remote sensing image depicts a largely arid landscape with extensive, light-colored, rocky terrain and a sizable, dark-colored lake nestled within a valley. The area appears to be characterized by a dry, possibly saline, environment with significant geological features like ridges and fractures.","This satellite image shows a rugged, arid landscape dominated by mountainous terrain and a large, dark body of water—likely a lake or reservoir—nestled in a valley, with distinct river channels or inlets extending into the land. The varied brown and tan tones indicate sparse vegetation and dry earth, typical of a semi-arid or high-altitude region."
291801.png,synth,0,0,100,0,0,0,0,"The image depicts a landscape dominated by extensive areas of grass, likely a grassland or steppe environment. A prominent, linear feature, possibly a drainage channel or riverbed, cuts through the terrain, suggesting a water source supporting the dominant grass cover.","The scene is entirely covered by grass, indicating a uniform, natural grassland or pasture with no discernible human infrastructure or other land cover types. The spatial layout shows gentle topographic variation with subtle undulations and winding natural features, all draped in a consistent vegetative cover.","The scene is dominated by extensive grassland cover, indicating a primarily natural or pasture-based land use. This suggests open fields, meadows, or agricultural grasslands with minimal cultivated crops or built infrastructure.","This image depicts a largely arid or semi-arid landscape with extensive rocky terrain and scattered patches of vegetation, likely indicating sparse grasslands or shrublands. A prominent, linear feature suggests a river channel or drainage system cutting through the otherwise undulating, reddish-brown terrain.","This satellite image shows a rugged, arid or semi-arid landscape with patchy vegetation, likely a dry riverbed or wadi system, characterized by winding channels and terraced or eroded terrain indicative of sparse land use and limited water availability."
95346.png,synth,0,0,6,85,0,9,0,"The image depicts a landscape dominated by cultivated crops (85%), interspersed with small areas of grass (6%) and barren land (9%). A prominent ridge or elevated area with a linear feature (likely a road) runs across the center of the scene, suggesting a topographic divide within the agricultural region.","The scene is dominated by vast, patchwork crop fields (85%), interspersed with small areas of grass (6%) and barren land (9%), suggesting an agricultural landscape with varied field sizes and textures.","The scene is predominantly agricultural, with 85% of the area covered by crops, indicating a large-scale farming landscape. Grass covers a small portion, and 9% is barren, suggesting limited natural vegetation or disturbed land.","This image depicts a rugged, arid landscape with extensive cultivated fields, likely for agriculture, situated within a deeply incised canyon system characterized by steep, layered rock formations. A road cuts through the canyon, suggesting human interaction with this challenging terrain.","This satellite image shows a semi-arid or arid landscape dominated by patchwork agricultural fields and dry, eroded terrain, with a prominent, steep-sided canyon or gorge cutting through the region, indicating significant topographic relief and likely fluvial erosion."
161575.png,synth,20,0,76,0,0,4,0,"The image depicts a mountainous region dominated by extensive grasslands (76%) interspersed with areas of scattered trees (20%). A significant portion of the landscape appears barren (4%), with rocky slopes and exposed terrain contributing to the rugged topography.","The scene depicts a predominantly grass-covered landscape (76%) interspersed with patches of tree cover (20%) and small areas of barren ground (4%), suggesting a semi-arid or transitional terrain with scattered vegetation and rocky outcrops.","The scene is predominantly covered by grass, indicating a natural, open pasture or meadow landscape with minimal tree cover and sparse barren areas.","This remote sensing image depicts a mountainous region with a mix of arid, brown-colored terrain and areas of dense, green vegetation, likely indicating a riparian zone or areas of higher moisture content. The rugged topography and steep slopes suggest a region undergoing significant erosion and geological processes.","This satellite image shows a rugged, mountainous terrain with patchy vegetation, likely a highland or alpine region. The varied shades of green and brown indicate a mix of forested areas, grasslands, and exposed rock or soil, with no obvious signs of dense urban development or large-scale agriculture."
130641.png,synth,76,0,24,0,0,0,0,"The image depicts a landscape dominated by dense forest (76%) interspersed with patches of grassland (24%), with a prominent river meandering through the terrain. A light-colored, possibly sandy or rocky, band runs along the river’s edge, suggesting a riparian zone or exposed landform.","The scene depicts a predominantly forested landscape, with tree cover dominating 76% of the area in a patchy, undulating terrain, interspersed with 24% grassland, likely along slopes or in drier zones, suggesting a mixed woodland-grassland ecosystem.","The scene is dominated by forested land use, with trees covering 76% of the area, indicating a primarily wooded or natural landscape. Grass covers a smaller portion, suggesting sparse open areas or edges within the forest.","The image depicts a region dominated by dense, green forest interspersed with a wide, meandering river and a lighter-toned, potentially eroded or altered floodplain along its banks. The landscape shows a significant area of forested land with evidence of fluvial activity and possibly past or present landform changes.","This satellite image shows a rugged, mountainous terrain with a prominent river carving a winding valley through dense green forests and interspersed brown, possibly agricultural or barren, patches. The river acts as a clear geographical divider, highlighting the contrast between the vegetated slopes and the flatter, more disturbed land along its banks."
101396.png,synth,0,0,89,0,0,11,0,"The image depicts a landscape dominated by extensive areas of grass (89%), interspersed with patches of barren land (11%). The terrain appears relatively flat with a textured surface indicative of soil or sediment.","The scene is predominantly covered by grass, forming a textured, mottled landscape with patches of barren land interspersed throughout, indicating a natural, sparsely developed terrain.","The scene is predominantly grassland, indicating a vast area of natural or managed pasture, with only a small portion of barren land.","This image depicts a heavily textured, arid landscape likely composed of rocky terrain and possibly sparse vegetation, suggesting a region with limited agricultural potential and dominated by natural, uncultivated land. The surface appears weathered and eroded, indicative of a dry climate and potentially exposed bedrock.","This remote sensing image depicts a vast, arid or semi-arid landscape dominated by sparse, low-lying vegetation and dry, cracked earth, characteristic of a desert or savanna environment with minimal human development. The terrain appears rugged and uneven, with subtle variations in tone suggesting sparse vegetation cover and possible erosion patterns across the region."
57314.png,synth,90,0,7,0,0,3,0,"The image depicts a landscape dominated by dense tree cover (90%), interspersed with patches of grass (7%) and small areas of barren land (3%). Several lighter, possibly water-related, features are visible throughout the scene.","The scene is dominated by dense tree cover (90%), forming a continuous, dark canopy that blankets most of the area, with sparse patches of grass (7%) and barren land (3%) visible as lighter, textured interruptions, particularly along winding linear features and in scattered clearings.","The scene is predominantly forested, with dense tree cover covering 90% of the area, indicating a heavily wooded landscape. Grass covers a small portion, and only a minor fraction is barren.","This image depicts a mountainous region dominated by dense forest cover, with some areas showing evidence of disturbed land use, likely due to agriculture or small settlements. A meandering river and a few scattered, lighter-toned patches suggest alluvial deposits or potentially open areas within the forested landscape.","This satellite image shows a rugged, mountainous terrain with dense forest cover, interspersed with winding river valleys and scattered clearings that suggest human settlement or agricultural activity. The varied topography and patchwork of land use indicate a remote, possibly rural or wilderness area."
17972.png,synth,69,0,31,0,0,0,0,"The image depicts a mountainous region dominated by dense forest cover (69%) interspersed with areas of grassland (31%). The terrain shows significant topographic variation with numerous drainage channels and exposed, lighter-toned areas likely representing rock or bare soil.","The scene is dominated by dense tree cover (69%), forming a continuous, dark green canopy that blankets most of the landscape, with patches of lighter-toned grassland (31%) interspersed, particularly along ridges and in cleared areas, suggesting a mixed forest-grassland terrain.","The scene is dominated by forest cover, with trees making up 69% of the land use, indicating a primarily wooded or forested area. Grassland occupies a smaller portion, suggesting a mix of natural vegetation but with forests as the primary land use.","The image depicts a mountainous region dominated by dense, dark green forest cover interspersed with lighter, eroded terrain and exposed rock formations. A network of winding, light-colored river channels cuts through the landscape, suggesting significant fluvial erosion and potentially agricultural or settlement activity along their banks.","This satellite image shows a rugged, mountainous terrain with dense forest cover interspersed with patches of agriculture and scattered settlements, indicating a mix of natural and human-modified land use in a hilly region."
211828.png,synth,23,0,58,14,1,4,0,"The image depicts a landscape dominated by grass (58%) interspersed with scattered trees (23%) and a small area of cultivated crops (14%). A thin road and a small built-up area (1%) are visible, while barren land (4%) and some patches of trees are present in the background.","The scene is dominated by grasslands (58%) interspersed with scattered crop fields (14%) and patches of trees (23%), forming a rural mosaic, with minimal built-up areas (1%) and sparse barren land (4%) visible along a linear feature like a road.","The scene is predominantly grassland, with grass covering 58% of the area, making it the dominant land use. Trees and crops occupy smaller portions, while built-up and barren areas are minimal.","The image depicts a rural landscape dominated by agricultural fields and scattered patches of woodland, with a road cutting through the terrain. A small settlement and a building complex are visible near the top of the image, situated on a slightly elevated area.","This satellite image shows a rural landscape with patchwork agricultural fields, likely in a dry or semi-arid region, characterized by dark brown soil and scattered green plots. A prominent straight road cuts across the scene, with a cluster of buildings visible in the upper left, suggesting a small settlement or farmstead."
88767.png,synth,80,0,20,0,0,0,0,"The image depicts a landscape dominated by dense tree cover (80%) interspersed with areas of grass (20%), primarily concentrated in lower-lying areas and along what appear to be drainage channels. The terrain shows evidence of slopes and valleys, suggesting a hilly or mountainous region.","The scene is dominated by dense tree cover (80%), forming a continuous, textured green canopy with subtle variations in shade and patchy lighter areas, likely indicating grassy clearings or transitions, suggesting a forested or woodland landscape with minor grassland interspersion.","The scene is predominantly forested, with trees covering 80% of the area, indicating a forest or woodland land use. Grass covers a smaller portion, suggesting a mix of natural vegetation but with forest as the dominant land cover.","This image depicts a mountainous region with dense, green vegetation covering much of the slopes, suggesting forested or heavily vegetated land use. The rugged terrain is characterized by deep valleys and ridges, indicating significant topographic variation and likely areas of erosion.","This satellite image shows a rugged, mountainous terrain with dense green vegetation, interspersed with patches of lighter brown and tan, likely indicating forest clearing, agricultural land, or seasonal dryness. A prominent river or valley cuts through the landscape, creating a natural corridor and influencing the surrounding land use patterns."
120709.png,synth,13,15,70,0,0,0,2,"The image depicts a landscape dominated by extensive grasslands (70%), interspersed with scattered trees (13%) and shrubs (15%), with a small amount of water (2%) visible in the lower portion. The terrain appears to be relatively flat with some subtle topographic variations, likely indicative of a dry or semi-arid environment.","The scene is dominated by grasslands (70%), interspersed with patches of shrub (15%) and tree cover (13%), with small water bodies (2%) along the edges, suggesting a semi-arid or transitional landscape with sparse vegetation and limited water resources.","The scene is dominated by grass (70%), indicating a large open grassland or pasture area, with minor patches of tree and shrub cover and a small water feature.","The image depicts a largely arid landscape with extensive, light-colored, possibly sandy or rocky, terrain interspersed with a network of roads and tracks, suggesting limited agricultural use and potentially mineral extraction activities. Prominent, rugged mountains and valleys dominate the central and upper portions of the scene, indicating a mountainous and potentially semi-desert environment.","This satellite image shows a rugged, arid landscape with patchy vegetation and scattered settlements, likely in a semi-desert or mountainous region. A prominent river or estuary flows into a coastal body of water in the lower left, with winding roads and sparse development indicating low population density and limited infrastructure."
209856.png,synth,1,0,84,0,0,15,0,"The image depicts a landscape dominated by extensive grasslands (84%) interspersed with barren areas (15%), with a small percentage of trees (1%). The terrain appears to be hilly or mountainous, exhibiting a complex network of ridges and valleys.","The scene depicts a rugged, mountainous terrain where grass dominates 84% of the surface, interspersed with patches of barren land (15%) and sparse tree cover (1%), suggesting a semi-arid or high-altitude environment with limited vegetation density.","The scene is predominantly grassland, with 84% coverage, indicating a large open area of natural or managed grass cover, while tree and barren areas are minimal.","This remote sensing image depicts a rugged, mountainous terrain with extensive areas of brown, possibly barren or sparsely vegetated land, likely indicative of a desert or semi-arid environment. A winding river or drainage channel cuts through the landscape, suggesting a focus on water resources and potentially supporting limited agricultural or settlement activity along its banks.","This satellite image shows a rugged, mountainous terrain with patchy vegetation and scattered settlements, likely in a highland or alpine region, where human habitation is sparse and adapted to the steep topography."
186838.png,synth,1,0,46,49,4,0,0,"The image depicts a landscape dominated by agricultural land, with approximately 49% consisting of crops, 46% of grass, and 1% of trees. A small built-up area occupies a portion of the upper right corner, alongside a meandering river channel visible throughout the scene.","The scene depicts a predominantly agricultural landscape, with vast expanses of crop fields (49%) interspersed with grasslands (46%), and a small built-up area (4%) concentrated in the upper right corner, suggesting a rural settlement. Sparse tree cover (1%) is scattered across the terrain, indicating a largely open, cultivated environment.","The scene is predominantly agricultural, with crops covering 49% of the area, followed by grass (46%) and a small amount of built-up and tree cover.","The image depicts a landscape dominated by agricultural fields and pastureland, with a small town or settlement clustered in the upper right corner. Rolling hills and a meandering river channel cut through the terrain, suggesting a relatively flat, rural area.","This satellite image shows a rural landscape dominated by patchwork agricultural fields in varying shades of green and brown, with a small clustered settlement in the upper right featuring red-roofed buildings. A winding road or river cuts through the terrain, and a dark, irregularly shaped wetland or pond is visible in the lower left."
64315.png,synth,31,0,60,5,3,1,0,"The image depicts a landscape dominated by extensive grasslands (60%) interspersed with scattered trees (31%) along a linear drainage channel, with a small built-up area (3%) located in the lower portion of the scene. A small area of cultivated crops (5%) is visible adjacent to the channel, while barren land accounts for a minimal percentage (1%).","The scene depicts a predominantly grass-covered landscape with scattered tree patches and small crop fields, interspersed with a minor built-up area in the lower-left corner and a narrow, winding road cutting through the terrain.","The scene is predominantly grassland, covering 60% of the area, with a significant portion of the land used for tree cover (31%), indicating a mix of natural vegetation and some forested areas. Built-up and crop areas are minor, suggesting a largely rural or natural landscape with limited human development.","The image depicts a rugged, mountainous terrain with extensive erosion patterns, likely in a semi-arid region. A small settlement with green vegetation is situated at the base of the mountains, suggesting a localized area of agriculture or human habitation.","This satellite image shows a rugged, mountainous terrain with a winding river valley, where patchwork agricultural fields and a small settlement are nestled in the lower elevations, contrasting with the dense, forested slopes."
298744.png,synth,4,0,90,0,0,6,0,"The image depicts a landscape dominated by extensive grasslands (90%) interspersed with areas of barren terrain (6%), exhibiting a network of linear ridges and valleys. A small amount of tree cover (4%) is present, primarily concentrated along the ridges.","The scene depicts a predominantly grass-covered landscape (90%), with sparse tree cover (4%) and minor barren areas (6%), suggesting a vast, open terrain with subtle vegetation variation and minimal human development.","The scene is predominantly grassland, with extensive coverage of grass (90%), indicating a natural or agricultural pasture. Trees are sparse (4%), and barren areas are minimal (6%), suggesting a largely open, vegetated landscape.","This image depicts a rugged, arid landscape characterized by extensive canyons and mesas, likely a desert or semi-arid region with sparse vegetation. The dominant land use appears to be natural, with minimal signs of human development.","This remote sensing image depicts a rugged, mountainous terrain with complex topography, characterized by deep valleys and steep slopes, likely in a semi-arid or arid region. The dominant land use appears to be natural, with sparse vegetation and minimal human development visible, suggesting a remote or protected area."
17885.png,synth,0,0,97,0,0,3,0,"The image depicts a landscape dominated by extensive grassland (97%), with scattered patches of barren land (3%) visible. A rugged, mountainous terrain with some rocky outcrops is present throughout the scene.","The scene is dominated by extensive grassland covering 97% of the area, with a sparse, scattered distribution of barren land making up the remaining 3%. The terrain appears rugged and undulating, with the grassland forming a continuous, textured blanket across rolling hills and valleys, punctuated by small, isolated patches of barren ground.","The scene is predominantly grassland, indicating a vast area of natural or managed pastureland with minimal human-altered surface.","The image depicts a rugged, mountainous landscape with extensive areas of bare, dark-colored rock and soil, likely representing arid or semi-arid land use. Scattered patches of white suggest snow or ice, and a few small, isolated structures are visible within the terrain.","This remote sensing image shows a rugged, arid mountainous region with sparse vegetation, characterized by winding river valleys and scattered settlements. Key features include a prominent river system carving through the terrain and a few small, isolated human settlements nestled in the valleys."
13558.png,synth,58,0,41,0,1,0,0,"The image depicts a landscape dominated by dense tree cover (58%) interspersed with areas of grass (41%), with a small, isolated built-up area (1%) visible in the lower right corner. The terrain appears rugged and hilly, exhibiting a network of linear features likely representing drainage channels or valleys.","The scene is predominantly forested with dense tree cover, interspersed with patches of grassland and a small, scattered built-up area, suggesting a rural or semi-rural landscape with minimal urban development.","The scene is predominantly forested, with trees covering 58% of the area, indicating a wooded landscape. Grass covers a significant secondary portion (41%), suggesting natural or agricultural open spaces, while built-up areas are minimal at 1%.","This image depicts a mountainous region with dense forest cover interspersed with patches of agricultural land and a small settlement clustered along a valley. The terrain is rugged, characterized by dissected ridges and valleys, suggesting a landscape shaped by erosion and potentially significant topographic variation.","This satellite image shows a rural, hilly landscape with patchwork agriculture and scattered settlements nestled among dense forests and rugged terrain, indicative of a mountainous or upland region."
244389.png,synth,88,0,12,0,0,0,0,"The image depicts a mountainous region dominated by dense forest cover (88%) interspersed with patches of grassland (12%), with a prominent river winding through the landscape. The terrain appears rugged and hilly, suggesting a forested watershed area.","The scene depicts a predominantly forested landscape, with tree cover dominating 88% of the area and forming dense, continuous patches across rolling terrain, interspersed with narrow, winding waterways and smaller areas of grassland.","The scene is predominantly forested, with tree cover accounting for 88% of the land use, indicating a dense woodland or forested area. Grass cover makes up a minor portion, suggesting sparse open spaces or edges within the forest.","This image depicts a mountainous region dominated by dense forest cover, with a prominent river winding through the valleys and creating a network of drainage channels. The varied terrain suggests a landscape with significant topographic variation and potentially areas of disturbed land near the river.","This satellite image shows a rugged, mountainous terrain with dense green forests dominating the landscape, interspersed with winding river valleys and patches of lighter-toned agricultural or cleared land, indicating a mix of natural and human-modified land use."
12809.png,synth,90,0,10,0,0,0,0,"The image depicts a landscape dominated by dense tree cover (90%), interspersed with patches of grass (10%), and characterized by rolling, hilly terrain with significant variations in color suggesting soil composition and possibly rock outcrops.","The scene is dominated by dense tree cover (90%), forming a continuous, textured canopy that blankets most of the landscape, with sparse, scattered grassy patches (10%) visible in depressions or cleared areas, suggesting a predominantly forested or woodland environment with minimal open grassland.","The scene is dominated by tree cover, indicating a forested or wooded area with significant natural vegetation. Grass occupies a minor portion, suggesting sparse open spaces or edges within the woodland.","This image depicts a rugged, mountainous landscape with significant areas of dense, forested vegetation interspersed with reddish-brown, rocky terrain, suggesting a region with a mix of woodland and potentially exposed bedrock or erosion features. The presence of valleys and ridges indicates a complex topography.","This remote sensing image shows a densely populated urban area nestled within a rugged, mountainous terrain, characterized by a patchwork of built-up zones and surrounding forested or vegetated slopes. The settlement appears to follow the contours of the valley, with roads and structures visible against the darker, forested background."
242755.png,synth,49,0,16,34,0,1,0,"The image depicts a landscape dominated by cultivated crops (34%) interspersed with significant tree cover (49%) and patches of grass (16%). A network of waterways and some barren land (1%) are visible throughout the scene, suggesting an agricultural area with associated riparian zones and potentially some undeveloped terrain.","The scene displays a patchwork of agricultural fields, dominated by crop land (34%) and tree cover (49%), interspersed with grassy areas and sparse barren patches, suggesting a mixed-use rural landscape with clear human management.","The scene is predominantly wooded, with trees covering 49% of the area, making it the dominant land use. Crop cultivation accounts for 34%, indicating a significant agricultural component, while grass and barren areas are minor.","The image depicts a landscape dominated by agricultural fields, likely used for farming, interspersed with patches of forested areas and a meandering river channel. The terrain appears relatively flat with a network of smaller streams and drainage patterns flowing through the cultivated land.","This satellite image shows a patchwork of agricultural fields in varying shades of green and brown, interspersed with winding river channels and darker forested areas, indicating a mixed-use rural landscape shaped by both farming and natural topography."
278692.png,synth,60,0,39,0,0,1,0,"The image depicts a landscape dominated by dense tree cover (60%) interspersed with expansive grasslands (39%), with a small area of barren land (1%). A network of linear features, likely river channels or drainage paths, cuts through the terrain, creating a pattern of forested and grassy areas along their courses.","The scene shows a landscape dominated by dense tree cover (60%) interspersed with extensive grasslands (39%), forming a patchwork of green and brown hues, with only minor barren areas (1%) visible as sparse, light-toned patches.","The scene is predominantly forested, with trees covering 60% of the area, indicating a wooded or forested land use. Grasslands make up a smaller portion, suggesting a mix of natural vegetation, but the dominant land cover is forest.","The image depicts a landscape with a significant area of dense, green vegetation likely representing a forest or woodland, contrasting with extensive areas of arid, reddish-brown terrain suggesting desert or degraded land. A meandering river or drainage channel cuts through the landscape, highlighting the interaction between water and the varied land use patterns.","This satellite image shows a rugged, mountainous terrain with a clear contrast between dense green forested areas and exposed brownish rocky or barren slopes, indicating varied land use and topography. A winding river or stream cuts through the landscape, carving a visible path through the terrain."
236687.png,synth,3,0,8,89,0,0,0,"The image depicts a landscape dominated by cultivated crops (89%), interspersed with small areas of grass (8%) and scattered trees (3%). A linear feature, likely a road or waterway, bisects the agricultural fields, suggesting a pattern of land management and potentially irrigation.","The scene is dominated by vast, patchwork agricultural fields (89% crop), interspersed with narrow strips of grassland and sparse tree cover, suggesting a highly cultivated rural landscape with a winding waterway cutting through the terrain.","The scene is predominantly agricultural, with 89% coverage of crops, indicating a large-scale farming landscape.","The image depicts a landscape dominated by agricultural fields, likely used for farming, interspersed with a meandering river channel. The terrain shows a relatively flat, cultivated area with distinct field boundaries and a prominent watercourse cutting through the land.","This satellite image shows a patchwork of agricultural fields in varying shades of green and brown, interspersed with a winding river and a straight road, indicating a rural landscape shaped by human land use and natural waterways."
152224.png,synth,100,0,0,0,0,0,0,"The image depicts a landscape dominated by dense, mature tree cover (100%), with a prominent linear feature suggesting a valley or drainage channel running through the area. The overall terrain appears relatively flat and covered in a uniform green vegetation.","The scene is entirely covered by dense tree canopy, forming a continuous, textured green mosaic with subtle variations in hue and shadow that suggest undulating terrain or canopy structure. This indicates a uniformly forested landscape with no other land cover types present.","The scene is dominated by forest land use, with 100% coverage of trees, indicating a dense, continuous woodland or natural forest area.","The image depicts a heavily vegetated landscape, likely a forested area with some open grasslands, characterized by a prominent linear drainage feature – a river or stream valley – cutting through the terrain. The varying shades of green suggest differences in vegetation density and possibly soil moisture.","This satellite image shows a rugged, mountainous terrain with dense, patchy vegetation in varying shades of green and brown, indicating diverse forest cover and possibly seasonal or elevation-related changes. The irregular, winding patterns suggest natural topography with valleys and ridges, likely in a highland or alpine region."
43188.png,synth,62,0,38,0,0,0,0,The image depicts a landscape dominated by a river valley with a significant area of tree cover (62%) interspersed with grassland (38%). The valley floor is characterized by exposed terrain and a meandering river channel.,"The scene shows a landscape dominated by dense tree cover (62%) in rugged, hilly terrain, interspersed with patches of grassland (38%) along valleys and slopes, suggesting a mixed forest-grassland ecosystem shaped by topography.","The scene is predominantly forested, with trees covering 62% of the area, indicating a significant natural woodland or forest land use. Grass covers the remaining 38%, suggesting some open or pasture areas mixed within the forested landscape.","This remote sensing image depicts a landscape characterized by a river winding through a region of mixed vegetation and exposed, reddish-brown terrain, suggesting a transition zone between potentially arid or semi-arid land and a more vegetated area. The presence of a river indicates a potential water source and supports riparian land use along its banks.","This satellite image shows a rugged, mountainous terrain with dense green forests in the valleys and slopes, contrasted by brown, arid uplands. A winding river cuts through the landscape, with a small, linear settlement or road visible along its course."
62374.png,synth,1,0,22,73,3,1,0,"The image depicts a landscape dominated by cultivated crops (73%), interspersed with areas of grass (22%) and a small built-up area (3%). A network of linear features, likely irrigation canals or drainage ditches, cuts through the agricultural fields, alongside a small barren area and sparse tree cover (1%).","The scene is dominated by extensive, patchwork crop fields (73%), interspersed with smaller areas of grass (22%) and a sparse built-up area (3%) along a riverbank, with minimal tree cover (1%) and barren land (1%) scattered throughout.","The scene is predominantly agricultural, with 73% covered by crops, indicating a rural or farming landscape. Small areas of grass and built-up land suggest some natural vegetation and human infrastructure, but agriculture dominates the land use.","The image depicts a landscape dominated by agricultural fields, likely used for crop cultivation, alongside a meandering river and a small settlement situated near the water's edge. The terrain appears relatively flat with some rolling hills and evidence of drainage patterns.","This satellite image shows a patchwork of agricultural fields in varying shades of brown and green, interspersed with dark linear features likely representing rivers or streams, and a small clustered settlement at the lower right. The landscape is characterized by cultivated farmland and natural waterways, typical of a rural, possibly Mediterranean, region."
140073.png,synth,95,0,5,0,0,0,0,"The image depicts a heavily forested mountainous region dominated by trees (95%), with a small area of grass (5%) visible along the waterways. A network of meandering streams and rivers cuts through the forested terrain, suggesting a landscape with significant fluvial activity.","The scene depicts a predominantly forested landscape, with tree cover dominating 95% of the area and forming a continuous, dense canopy across rolling terrain, while sparse grasslands occupy only 5% of the visible surface.","The scene is predominantly forested, with tree cover accounting for 95% of the land use, indicating a dense woodland or forested area. Grass coverage is minimal at 5%, suggesting sparse or transitional vegetation.","This image depicts a heavily forested mountainous region with a network of meandering rivers carving through the terrain, suggesting a landscape dominated by dense vegetation and significant fluvial erosion. The reddish-brown areas likely represent exposed soil or eroded slopes within the forested hills.","This satellite image shows a rugged, mountainous terrain with dense green vegetation, interspersed with brownish areas indicating drier land or soil exposure, and a winding river carving through the landscape."
86295.png,synth,0,0,2,98,0,0,0,"The image depicts a landscape dominated by cultivated crops (98%), with a small area of grass (2%). The land is divided into numerous rectangular fields, suggesting a pattern of agricultural management and potentially terracing or drainage features.","The scene depicts a predominantly agricultural landscape, with 98% of the area covered by cultivated crops arranged in a patchwork of geometric fields, interspersed with small, scattered grassy areas.","The scene is predominantly agricultural, with 98% coverage of crops, indicating a large-scale farming area. Grass makes up a negligible portion, suggesting minimal natural pasture or rangeland.","This image depicts a heavily cultivated agricultural landscape, characterized by numerous rectangular fields divided by hedgerows, suggesting a patchwork farming system. The terrain appears relatively flat with subtle topographic features, likely a gently rolling plain suitable for extensive crop production.","This remote sensing image shows a patchwork of agricultural fields, likely in a temperate region, with varied crop types or soil moisture creating distinct color blocks. A prominent linear feature, possibly a road or river, cuts through the landscape, intersecting the fields and defining the regional geography."
193058.png,synth,41,17,41,0,0,1,0,"The image depicts a landscape dominated by trees (41%), interspersed with shrubs (17%) and grasses (41%), with a small area of barren land (1%). A prominent water feature, likely a stream or small waterfall, flows through the lower portion of the scene, adjacent to rocky terrain.","The scene depicts a predominantly vegetated landscape, with tree and grass cover each dominating at 41%, forming a patchwork of dense vegetation interspersed with shrub areas (17%) and sparse barren patches (1%), suggesting a mixed woodland or savanna-like environment with minimal bare ground.","The scene is dominated by trees and grass, with both covering 41% of the area, indicating a mixed woodland-grassland landscape. Shrub cover is moderate, and barren areas are minimal.","The image depicts a rugged, arid landscape with extensive rocky terrain and a small, white waterfall flowing into a channel, suggesting a localized drainage system within a predominantly barren, likely desert or semi-desert environment. There appears to be minimal vegetation cover, indicating limited land use beyond natural processes.","This satellite image shows a rugged, mountainous terrain with dense forest cover, interspersed with patches of cleared land and winding river valleys, indicating a mix of natural wilderness and limited human development."
78689.png,synth,67,0,33,0,0,0,0,"The image depicts a landscape dominated by dense tree cover (67%) interspersed with areas of grassland (33%), situated within a rugged, hilly terrain with exposed rock formations and a meandering river channel.","The scene is dominated by dense tree cover (67%), forming a continuous, dark green canopy that blankets most of the landscape, interspersed with patches of lighter-toned grassland (33%) in valleys and along fragmented clearings, suggesting a mixed forest-grassland ecosystem.","The scene is dominated by forest cover, with trees making up 67% of the land use, indicating a wooded or forested area. Grass covers the remaining 33%, suggesting some open or transitional vegetation, but forest remains the primary land use.","The image depicts a landscape dominated by arid or semi-arid land use, characterized by extensive reddish-brown soil and sparse vegetation, with a significant forested area concentrated in the central region. A winding road and a river channel cut through the terrain, suggesting human activity and a water source within this otherwise rugged, mountainous environment.","This satellite image shows a mixed-land-use landscape dominated by agricultural fields in the upper left, transitioning to dense forested areas in the lower right, with a winding river or stream cutting through the terrain and a visible road or path connecting the regions."
37516.png,synth,0,0,71,9,0,20,0,"The image depicts a landscape dominated by extensive grasslands (71%), interspersed with small areas of cultivated crops (9%) and barren land (20%). The terrain appears to be hilly or mountainous, with a network of linear features possibly representing drainage channels or roads cutting through the landscape.","The scene depicts a predominantly grass-covered landscape interspersed with patches of crop fields and barren land, suggesting a rural or semi-arid agricultural region with varied land use. The grass dominates the spatial layout, while the crop and barren areas form smaller, fragmented patches, likely indicating seasonal or managed agricultural activity.","The scene is predominantly grassland, covering 71% of the area, indicating a large expanse of natural or managed pasture. Crop cultivation accounts for only 9%, suggesting limited agricultural activity.","This image depicts a rugged, mountainous landscape with predominantly arid or semi-arid land use, characterized by extensive brown and reddish-brown vegetation and rocky terrain. A winding river or drainage channel cuts through the valley, highlighting the region's topography and potential for water resources.","This satellite image shows a patchwork of agricultural fields and sparse vegetation across a semi-arid or dryland region, with winding waterways or irrigation channels cutting through the terrain, suggesting human-modified landscapes for farming in a water-scarce environment."
272978.png,synth,75,15,9,0,1,0,0,"The image depicts a mountainous region dominated by dense forest cover (75%), interspersed with areas of shrub (15%) and scattered grass (9%). A small amount of built-up area (1%) is visible within the landscape, alongside prominent drainage channels and exposed rock formations.","The scene is dominated by dense tree cover (75%), forming a continuous, forested landscape with subtle variations in tone suggesting topographic relief or canopy density. Small patches of shrubland (15%) and grass (9%) are interspersed, while isolated built-up areas (1%) appear as minor, scattered developments, likely along roads or settlements.","The scene is primarily forested, with a dominant tree cover of 75%, indicating a wooded or natural landscape with minimal human development.","This image depicts a mountainous region dominated by dense forest cover, with numerous winding river channels carving through the terrain and exposing lighter-colored, possibly rocky, areas. The landscape appears rugged and heavily influenced by fluvial erosion.","This satellite image shows a rugged, mountainous terrain with dense forest cover interspersed with winding river valleys and scattered human settlements, indicating a mix of natural wilderness and limited agricultural or residential development."
263390.png,synth,0,0,39,42,7,12,0,"The image depicts a landscape dominated by agricultural land, with approximately 42% covered in crops and 39% in grass, interspersed with areas of barren land (12%). A small built-up area (7%) is present along a network of roads and pathways, suggesting a localized settlement within the primarily rural environment.","The scene shows a predominantly agricultural landscape, with crop fields dominating the central and lower regions, interspersed with patches of grass and bordered by a built-up area in the upper right. Barren land forms the background, suggesting a semi-arid or dry environment with human-modified agriculture.","The scene is primarily agricultural, with crops covering the largest land area, followed by grasslands. Built-up areas and barren land occupy smaller portions, indicating a rural landscape with some human development.","The image depicts a semi-arid landscape characterized by extensive agricultural fields, likely for irrigation, interspersed with a small urban area and a network of roads. The terrain appears to be relatively flat with subtle linear features suggesting drainage patterns or geological formations.","This satellite image shows a semi-arid agricultural landscape with patchwork fields, likely irrigated, interspersed with sparse vegetation and a small settlement. A prominent linear feature, possibly a road or canal, runs through the scene, separating cultivated areas from more barren terrain."
252287.png,synth,4,0,13,83,0,0,0,"The image depicts a landscape dominated by cultivated crops (83%), interspersed with patches of grass (13%) and a narrow band of trees (4%) along a river channel. The agricultural fields exhibit a patchwork pattern, suggesting different crop types or stages of growth.","The scene is dominated by extensive, patchwork agricultural fields (83% crop), interspersed with smaller areas of grassland (13%) and sparse tree cover (4%), suggesting a primarily rural, cultivated landscape with a winding river cutting through the terrain.","The scene is predominantly agricultural, with 83% covered by crops, indicating a large-scale farming landscape.","The image depicts a landscape dominated by agricultural fields, primarily cultivated with green crops, interspersed with patches of brown soil. A prominent river or stream meanders through the center of the scene, flanked by forested hills and ridges.","This satellite image shows a patchwork of agricultural fields in varying shades of green and brown, indicating different crops or soil conditions, bordered by a prominent river or stream winding through the landscape. The terrain is relatively flat, with the river acting as a natural boundary and the fields suggesting intensive, organized farming."
274737.png,synth,0,0,86,2,0,12,0,"The image depicts a landscape dominated by extensive areas of grass (86%), interspersed with small patches of crop (2%) and scattered barren land (12%). The terrain appears undulating with visible ridges and valleys, suggesting a relatively hilly or mountainous region.","The scene is dominated by grasslands covering 86% of the area, interspersed with small patches of crop fields (2%) and scattered barren land (12%), suggesting a predominantly pastoral or semi-arid landscape with limited agricultural activity.","The scene is predominantly grassland, covering 86% of the area, with minimal crop and barren land. Grassland is the dominant land use.","This image depicts a heavily eroded, reddish-brown landscape likely composed of sedimentary rock and dust, suggesting a region with minimal vegetation and significant wind-driven erosion. A lighter, possibly brighter area in the center indicates a potential deposit or exposed bedrock feature.","This remote sensing image depicts a rugged, arid landscape dominated by rocky outcrops and sparse, low-lying vegetation, characteristic of a desert or semi-desert environment with minimal human development. The terrain features undulating, textured surfaces suggesting erosion and sedimentary formations, with subtle variations in brown and tan hues indicating different rock types or soil moisture levels."
69182.png,synth,90,0,10,0,0,0,0,"The image depicts a heavily forested landscape dominated by trees (90%), with scattered areas of grass (10%). A prominent, meandering river or stream is visible cutting through the terrain, suggesting a valley or drainage network within the forested area.","The scene is dominated by dense tree cover (90%), forming a continuous, textured canopy across rolling terrain, with sparse grassy patches (10%) visible in valleys and along linear features like rivers or roads.","The scene is predominantly forested, with tree cover accounting for 90% of the land use, indicating a dense woodland or forested area. Grass covers only a small 10%, suggesting minimal open or agricultural land within the region.","This image depicts a mountainous region dominated by dense forest cover, with a prominent river system carving through the terrain and creating a network of valleys and drainage patterns. The varied shades of green suggest different vegetation types and potentially varying levels of forest density.","This satellite image shows a rugged, forested mountainous region with a winding river cutting through the terrain, and scattered patches of lighter-toned areas indicating human activity such as agriculture or settlements nestled within the dense green canopy."
163992.png,synth,0,0,72,0,0,28,0,"The image depicts a landscape dominated by extensive grasslands (72%) interspersed with barren areas (28%), exhibiting a network of linear drainage channels and ridges suggesting a mountainous or hilly terrain.","The scene depicts a rugged, mountainous terrain where grass dominates 72% of the surface, forming a textured, vegetated blanket across slopes and valleys, while barren land—likely exposed rock or soil—covers the remaining 28% in patches along ridges and steep inclines.","The scene is predominantly grass-covered, indicating a large area of natural or managed pastureland. A smaller portion is barren, suggesting sparse vegetation or exposed soil.","The image depicts a rugged, mountainous terrain with extensive, light-colored alluvial fans and braided river systems, suggesting a landscape shaped by significant erosion and sediment deposition. The overall land use appears to be primarily non-vegetated, with a dominant brown color indicative of exposed rock and soil.","This remote sensing image depicts a rugged, mountainous terrain with steep slopes and deep valleys, characterized by sparse vegetation and exposed rock, suggesting a high-altitude or arid environment with minimal human development."
189573.png,synth,39,0,18,0,2,0,41,"The image depicts a coastal area dominated by water (41%) and extensive tree cover (39%), with a significant area of grassland (18%). A small, sparse built-up area (2%) is located near the coastline, likely associated with a river or waterway.","The scene shows a coastal area dominated by water (41%) and trees (39%), with a narrow strip of built-up land (2%) along the shoreline and grass (18%) scattered across the inland terrain.","The scene is dominated by water (41%) and trees (39%), indicating a landscape with significant natural cover, likely a wetland or forested area with adjacent water bodies. Built-up and grass areas are minor components.","This image shows a coastal area with a developed town situated along a shoreline, surrounded by dense forest and a prominent river valley. The terrain appears rugged and mountainous, with a significant river channel cutting through the landscape.","This satellite image shows a coastal region where a small, dense urban area is nestled along the shoreline, surrounded by rugged, mountainous terrain. A prominent river or estuary flows from the interior, carving a distinct path toward the sea, with visible tributaries and wetlands indicating a complex hydrological system."
7742.png,synth,9,0,90,0,0,1,0,"The image depicts a landscape dominated by extensive grassland (90%) with a narrow band of trees (9%) along a linear feature, likely a river or stream, which appears to be partially inundated. A small area of barren land (1%) is visible near the riverbank.","The scene is dominated by vast expanses of grassland (90%), with a narrow, linear strip of tree cover (9%) along a water body, and minimal barren areas (1%) scattered sparsely across the landscape.","The scene is predominantly grassland, with minimal tree cover and negligible barren areas, indicating a large-scale natural grassy ecosystem.","The image depicts a landscape dominated by dark, barren terrain likely composed of desert or scrubland, with a prominent river or stream cutting through it and a strip of vegetation along its banks. A large, light-colored area suggests a lake or wetland situated at the base of a mountainous region.","This satellite image shows a winding river cutting through a predominantly forested or vegetated landscape, with a distinct, lighter-colored band along its course indicating water or possibly a floodplain. The surrounding terrain is largely covered in dark green vegetation, suggesting dense forest or shrubland, with some lighter patches that may represent cleared land or different vegetation types."
108292.png,synth,0,0,47,52,1,0,0,"The image depicts a landscape dominated by agricultural land, with approximately 52% covered in crops and 47% in grass, interspersed with a small area of built-up structures representing 1%. A network of linear features, likely roads or irrigation canals, cuts through the fields, suggesting a cultivated and managed agricultural area.","The scene is dominated by agricultural land use, with crop fields (52%) interspersed with grassland (47%), forming a patchwork of cultivated and natural vegetation across the landscape. Sparse built-up areas (1%) appear as small, scattered clusters, indicating low urban density.","The scene is primarily agricultural, with crop cover dominating at 52%, followed by grass at 47%, and minimal built-up areas.","The image depicts a landscape dominated by agricultural fields, likely cultivated for farming, interspersed with a network of roads and small settlements. The terrain appears to be gently undulating, with subtle drainage patterns suggesting a relatively flat, potentially alluvial, area.","This satellite image shows a dry, arid landscape dominated by terraced agriculture, with patchwork fields and irrigation channels cutting through the terrain, indicative of intensive farming in a semi-arid region. Key features include winding waterways and sparse vegetation, suggesting a reliance on managed water resources in a water-scarce environment."
13276.png,synth,67,6,26,0,0,1,0,"The image depicts a landscape dominated by dense tree cover (67%), interspersed with patches of grass (26%) and scattered shrubs (6%). Visible terrain features include a network of ridges and valleys, suggesting a hilly or mountainous region with some exposed, barren areas (1%).","The scene is dominated by dense tree cover (67%), interspersed with patches of grass (26%) and sparse shrubbery (6%), with minimal barren areas (1%) suggesting a largely forested or woodland landscape with some open or managed ground.","The scene is predominantly forested, with trees covering 67% of the area, indicating a dense woodland or forest land use. Grasslands make up a significant secondary portion (26%), suggesting a mix of forest and open vegetation.","The image depicts a rugged, mountainous landscape with a mix of forested areas and cultivated fields, suggesting agricultural land use interspersed with natural terrain. The presence of terraced fields indicates human modification of the steep slopes for farming.","This satellite image shows a patchwork of agricultural fields and forested areas, with a small cluster of buildings indicating a rural settlement nestled within a hilly or mountainous terrain. The varied shades of green and brown suggest diverse land cover, including dense vegetation, cleared farmland, and possibly degraded or fallow land."
227859.png,synth,0,0,89,11,0,0,0,"The image depicts a landscape dominated by extensive grassland (89%), interspersed with small areas of cultivated crops (11%). The terrain appears rugged and characterized by a network of linear, darker features, likely drainage channels or geological formations.","The scene is dominated by grassland, covering 89% of the area with a mottled, textured appearance suggesting varied vegetation or soil exposure, while 11% consists of scattered crop fields, likely appearing as distinct patches or linear features within the grassy matrix.","The scene is predominantly grassland, with extensive natural vegetation covering most of the area. Crop cultivation occupies a minor portion of the landscape.","This image depicts a heavily eroded, reddish-brown landscape likely composed of sedimentary rock and iron-rich soil, suggesting a region with minimal vegetation and significant geological activity. The intricate patterns and linear features indicate extensive weathering and fluvial processes, possibly representing ancient river channels or canyons.","This remote sensing image depicts a rugged, arid landscape dominated by exposed bedrock and sparse, low-lying vegetation, characteristic of a desert or semi-desert environment with minimal human development. Key features include winding drainage channels and subtle topographic variations suggesting a dry, erosional terrain."
101832.png,synth,87,0,13,0,0,0,0,"The image depicts a landscape dominated by dense forest (87%) along a meandering river channel, with a smaller area of exposed, reddish-brown soil and sparse grass (13%) visible adjacent to the water. The terrain appears hilly or mountainous, with the forest covering the slopes.","The scene depicts a predominantly forested landscape, with tree cover dominating 87% of the area and forming dense, continuous patches across rolling terrain, while grasslands occupy the remaining 13% in scattered, less vegetated zones.","The scene is primarily forested, with tree cover dominating the landscape at 87%, indicating a forested or wooded land use. Grass cover makes up a minor portion, suggesting sparse open areas or edges within the forest.","This image depicts a region dominated by dense, green forest along a meandering river, with patches of lighter-toned, possibly disturbed or agricultural land interspersed within the forested areas. The landscape appears to be hilly or mountainous, suggesting a region with significant topographic variation.","This satellite image shows a rugged, mountainous terrain with dense green forests covering the slopes and valleys, interspersed with brownish areas indicating bare earth or agricultural land, and a winding river carving through the landscape."
38488.png,synth,0,0,47,51,0,2,0,"The image depicts a landscape dominated by cultivated crops (51%) interspersed with areas of grass (47%), with a small percentage of barren land (2%). The terrain appears to be characterized by a network of linear features, likely agricultural fields, situated within a hilly or undulating landscape.","The scene depicts a predominantly agricultural landscape, where crop fields (51%) dominate and are interspersed with patches of grass (47%), forming a patchwork across rolling terrain, with minimal barren land (2%) visible.","The scene is predominantly agricultural, with crop coverage accounting for the majority (51%) of the land use, followed by grass (47%) and a small barren area (2%).","This image depicts a hilly landscape with extensive agricultural fields, primarily used for cultivation, interspersed with some natural vegetation. The terrain shows significant topographic variation, with terraced fields suggesting human modification of the slopes.","This satellite image shows a rugged, semi-arid landscape with patchwork agricultural fields carved into rolling hills, indicating intensive farming in a mountainous or hilly region. A winding road cuts through the terrain, connecting scattered settlements and highlighting human adaptation to the challenging topography."
290011.png,synth,0,0,75,23,0,2,0,"The image depicts a landscape dominated by extensive grassland (75%), interspersed with cultivated crops (23%), and a small area of barren land (2%). A prominent river channel and associated drainage network are visible, cutting through the terrain and supporting the agricultural areas.","The scene depicts a predominantly grass-covered landscape with scattered crop fields and minimal barren areas, suggesting a rural or semi-arid region where agriculture is practiced on a small scale within a largely natural grassland matrix.","The scene is predominantly grassland, with extensive natural vegetation covering 75% of the area, indicating a dominant land use of pasture or open grassy terrain.","The image depicts a dry, arid landscape with a meandering river channel cutting through a relatively flat, brown terrain, suggesting sparse vegetation and potentially limited agricultural use. The presence of linear features likely represent drainage patterns and possibly some road or track infrastructure.","This satellite image shows a rugged, arid landscape dominated by dry, brown terrain with winding river valleys and sparse vegetation, indicative of a semi-desert or steppe environment. A prominent, meandering watercourse cuts through the region, with lighter-toned areas suggesting seasonal flooding or alluvial deposits, and faint linear features likely represent roads or irrigation channels."
295823.png,synth,2,0,87,5,1,5,0,"The image depicts a rugged, arid landscape dominated by extensive areas of grass and barren land, with a small road cutting through the terrain. The land use is primarily grassland (87%) interspersed with patches of barren ground (5%), and a minimal amount of crop (5%) and built-up area (1%), alongside a small amount of tree cover (2%).","The scene depicts a predominantly grass-covered, rugged terrain with sparse tree cover and minor built-up areas, suggesting a semi-arid or mountainous region with limited agricultural development.","The scene is predominantly covered by grass (87%), indicating a large area of natural or managed pasture, with minimal crop, built-up, or barren land use.","This image depicts a rugged, mountainous terrain with sparse vegetation, likely a desert or semi-arid region, characterized by extensive erosion and a meandering river channel running through the valley. A narrow road is visible traversing the landscape, suggesting some level of human activity in this otherwise remote area.","This satellite image shows a rugged, arid mountainous region with sparse vegetation, characterized by deep gullies and ridges. A winding road cuts through the terrain, indicating limited human infrastructure in an otherwise remote and undeveloped landscape."
95564.png,synth,91,0,3,0,0,1,5,"The image depicts a landscape dominated by dense forest (91%) interspersed with small patches of grass (3%) and minimal barren land (1%). A narrow body of water (5%) is visible along the coastline, suggesting a coastal or riverine environment.","The scene is overwhelmingly dominated by dense tree cover (91%), forming a continuous forested landscape with subtle variations in green tones, interspersed with narrow, winding waterways and small patches of barren land. A small body of water (5%) is visible along the right edge, bordered by the forest, while sparse grass (3%) appears as thin, light-green strips along some riverbanks and ridges.","The scene is predominantly forested, with tree cover accounting for 91% of the land use, indicating a dense woodland or forested area. Grass and barren land are minor components, with water making up a small but notable 5%.","This image depicts a mountainous region dominated by dense, green forest cover, with a coastal area featuring a narrow inlet and sandy beaches. A river system winds through the landscape, highlighting the varied land use and topography of the area.","This satellite image shows a rugged, forested mountainous region with a winding river carving through the terrain, bordered by a large lake or coastal inlet to the upper right. The varied green tones indicate dense vegetation, while lighter, linear features suggest roads or trails traversing the landscape."
1512.png,synth,94,0,6,0,0,0,0,"The image depicts a landscape dominated by dense tree cover (94%), interspersed with small patches of grass (6%). A meandering watercourse, likely a river or stream, cuts through the terrain, flowing through areas of varying vegetation density.","The scene is dominated by dense tree cover (94%), forming a continuous, textured canopy across rolling terrain, with sparse grassy patches (6%) visible in scattered, linear, or fragmented areas, likely along slopes or in clearings.","The scene is predominantly forested, with tree cover accounting for 94% of the land use, indicating a dense woodland or forested area. Grass cover is minimal at 6%, suggesting sparse or transitional vegetation.","The image depicts a mountainous region dominated by dense, green forest cover, interspersed with areas of lighter vegetation and some exposed rocky terrain. A meandering river system cuts through the landscape, suggesting a significant area of forested land use and potentially influencing the surrounding topography.","This remote sensing image depicts a rugged, mountainous terrain with dense forest cover in varying shades of green and brown, interspersed with winding river valleys and scattered patches of lighter-toned land, likely indicating human settlement or agricultural use in the lower elevations."
261904.png,synth,84,3,12,0,0,1,0,"The image depicts a heavily forested landscape dominated by trees (84%), with scattered shrubs (3%) and grass (12%). A network of meandering water channels and exposed, barren areas (1%) are visible throughout the forested terrain, suggesting a fluvial environment.","The scene is dominated by dense tree cover (84%), forming a continuous, dark green canopy across most of the landscape, with winding, lighter-toned riverbeds and sparse shrub/grass patches creating a natural, rugged spatial pattern.","The scene is dominated by trees, indicating a forested or wooded land use. A small portion is covered by grass and barren land, with minimal shrub coverage.","This image depicts a mountainous region dominated by dense, dark green forest cover, interspersed with meandering river systems and areas of lighter, possibly disturbed or bare ground. The terrain appears rugged and hilly, suggesting a landscape shaped by fluvial processes and potentially some human activity.","This satellite image shows a rugged, mountainous terrain with dense green forest cover interspersed with lighter-toned areas of exposed earth, roads, or settlements. A prominent river or stream winds through the landscape, carving a valley and defining the topography."
240437.png,synth,63,0,37,0,0,0,0,"The image depicts a mountainous region dominated by dense forest cover (63% trees) interspersed with areas of grassland (37%). A river or stream meanders through the landscape, carving a valley and contributing to the varied terrain.","The scene depicts a rugged, mountainous terrain where tree cover dominates at 63%, forming dense, dark green patches primarily along slopes and valleys, while grasslands at 37% appear as lighter, brownish-green areas in flatter or drier zones, creating a mottled, patchwork spatial pattern.","The scene is predominantly forested, with trees covering 63% of the area, indicating a significant natural woodland or forest land use. Grasslands make up a smaller portion, suggesting a mix of forest and open vegetation, but forest is the dominant land cover.","The image depicts a mountainous region dominated by dense forest cover along a meandering river, with areas of exposed, lighter-toned terrain suggesting erosion or disturbed land use. The river appears to be a significant feature carving through the landscape.","This satellite image shows a rugged, mountainous terrain with varied land use: dense green forests cover higher elevations and river valleys, while brownish, sparsely vegetated slopes suggest agricultural or degraded land. A winding river cuts through the landscape, bordered by a coastal plain with lighter, possibly urban or developed areas along the shoreline."
229501.png,synth,99,0,1,0,0,0,0,"The image depicts a heavily forested mountainous region dominated by dense tree cover (99%), with a narrow, light-colored linear feature likely representing a river or drainage channel cutting through the landscape and a small area of grass.","The scene depicts a predominantly forested landscape, with tree cover dominating 99% of the area and forming a dense, continuous canopy across rolling terrain, while sparse grass patches occupy only 1% of the visible surface.","The scene is predominantly forested, with tree cover accounting for 99% of the land use, indicating a dense woodland or forested area. Grass cover is minimal, suggesting sparse or transitional ground cover.","The image depicts a heavily forested mountainous region with a prominent river winding through the landscape, suggesting significant areas of intact forest cover and a major waterway. A narrow road is visible cutting through the terrain, indicating some level of human activity within the otherwise natural environment.","This satellite image shows a rugged, mountainous terrain with dense green vegetation, likely forests or shrublands, interspersed with patches of brownish soil or cleared land. A winding river or stream cuts through the landscape, carving a visible valley and highlighting the topography’s relief."
269286.png,synth,97,0,3,0,0,0,0,"The image depicts a heavily forested landscape dominated by trees (97%), with scattered patches of grass (3%). A prominent river or stream meanders through the terrain, carving through the forested hills and valleys.","The scene is overwhelmingly dominated by dense tree cover (97%), forming a continuous, textured canopy across the landscape, with only sparse, scattered grass patches (3%) visible in minor clearings or along linear features like roads or waterways.","The scene is predominantly forested, with tree cover accounting for 97% of the land use, indicating a dense woodland or forested area. Grass cover is minimal at 3%, suggesting sparse or secondary vegetation.","The image depicts a heavily forested mountainous region with a meandering river cutting through the terrain, suggesting a landscape dominated by dense vegetation and significant topographic variation. The reddish-brown areas likely represent exposed soil or rock formations within the forested hills.","This satellite image shows a rugged, forested mountainous region with a prominent river or stream carving a winding path through the terrain, flanked by dense green vegetation and patches of exposed brown earth or rock, indicating varied land use and topography."
90312.png,synth,0,0,6,89,2,3,0,The image depicts a landscape dominated by agricultural fields (89%) with a network of roads and a small area of built-up land (2%). A small amount of grass (6%) and barren land (3%) is interspersed within the cultivated areas.,"The scene is dominated by vast, patchwork crop fields (89%), interspersed with small areas of grass (6%) and barren land (3%), with minimal built-up areas (2%) visible as scattered structures along roads.","The scene is predominantly agricultural, with 89% of the area covered by crops, indicating a large-scale farming landscape. Grass covers a small portion, suggesting limited natural pasture or field edges.","The image depicts an agricultural landscape with extensive fields of cultivated land, likely used for farming, intersected by a meandering river and a network of roads. The varied shades of brown and green indicate different stages of crop growth and soil conditions within the region.","This satellite image shows a patchwork of agricultural fields in a dry, arid region, characterized by brown, fallow land interspersed with green crop plots and bisected by a prominent winding river or stream."
146818.png,synth,0,0,0,40,0,60,0,"The image depicts a landscape dominated by barren terrain (60%) with scattered areas of cultivated crop (40%). Distinct, undulating ridges and valleys are visible throughout the scene, suggesting a hilly or mountainous region.","The scene depicts a predominantly barren landscape, covering 60% of the area with a rough, textured surface suggesting arid or degraded terrain, while crop fields occupy the remaining 40% in scattered patches, indicating a sparsely cultivated agricultural zone.","The scene is predominantly barren, covering 60% of the area, with crops occupying the remaining 40%.","This image depicts a heavily eroded, arid landscape with extensive ravines and gullies, suggesting a region with minimal vegetation and likely dominated by rocky terrain and potentially some exposed bedrock. The overall color indicates a sandy or dusty surface, consistent with a desert or semi-desert environment.","This remote sensing image depicts a vast, arid desert landscape dominated by sand dunes and wind-eroded terrain, with no visible vegetation or human development, indicating minimal land use and a harsh, barren environment."
269204.png,synth,0,0,0,99,1,0,0,"The image depicts a predominantly agricultural landscape dominated by cultivated crops (99%), with a small area of built-up development (1%). The terrain is characterized by relatively flat, cultivated fields interspersed with some small patches of vegetation, and a narrow road running along the lower portion of the image.","The scene is dominated by a vast expanse of agricultural cropland, covering 99% of the area, arranged in a patchwork of rectangular fields with varying shades of brown and green. Sparse built-up areas, accounting for just 1%, appear as small, scattered clusters, likely representing rural settlements or infrastructure.","The scene is predominantly agricultural, with 99% of the area covered by crops, indicating a highly intensive farming landscape. Only 1% is built-up, suggesting minimal urban development.","This remote sensing image depicts a landscape characterized by terraced agricultural fields, likely used for crop cultivation, situated within a hilly or mountainous terrain. A small road and a darker area suggest a potential water source or a more densely vegetated zone within the broader arid or semi-arid environment.","This remote sensing image shows an arid or semi-arid agricultural landscape, characterized by a patchwork of cultivated fields in varying shades of brown and tan, interspersed with sparse green vegetation and a winding road. The terrain is undulating, suggesting a hilly or rolling topography with subtle elevation changes."
12188.png,synth,5,0,25,68,2,0,0,"The image depicts a landscape dominated by cultivated crops (68%), interspersed with areas of grass (25%) and a small amount of tree cover (5%). A thin road and a small built-up area (2%) are present, running through the agricultural fields alongside a prominent ridgeline.","The scene is dominated by agricultural land use, with 68% covered by crops arranged in a patchwork of fields, interspersed with smaller areas of grass (25%) and sparse tree cover (5%). Built-up areas (2%) are minimal and scattered, indicating low urban density.","The scene is primarily agricultural, with crop coverage accounting for 68% of the land, indicating a predominantly farmed landscape.","The image depicts a landscape dominated by agricultural fields, likely cultivated for farming, interspersed with a network of roads and small settlements. A prominent ridge or hill is visible in the background, suggesting a hilly or mountainous terrain.","This satellite image shows a patchwork of agricultural fields in a rural landscape, characterized by varied crop types or fallow land, intersected by roads and dotted with small settlements. A prominent dark, elongated feature likely represents a river or stream winding through the terrain."
174710.png,synth,62,0,11,21,2,4,0,"The image depicts a landscape dominated by dense tree cover (62%) interspersed with agricultural fields (21% crop, 11% grass) and a small built-up area (2%). A network of waterways and a few barren patches (4%) are visible throughout the scene, suggesting a rural area with significant agricultural activity.","The scene depicts a predominantly forested landscape interspersed with patchwork agricultural fields and scattered built-up areas, with a central river or road acting as a major linear feature dividing the terrain.","The scene is predominantly forested, with trees covering 62% of the area, indicating a heavily wooded landscape. Grass and crops make up a smaller portion, with built-up and barren areas being minimal.","The image depicts a rural landscape dominated by agricultural fields, likely cultivated for crops, with a small settlement situated near a meandering river channel. The terrain appears relatively flat with a patchwork of fields and a network of smaller streams feeding into the main river.","This satellite image shows a patchwork of agricultural fields in a rural, hilly landscape, with a winding river or stream cutting through the terrain and small clusters of buildings indicating scattered settlements."
130663.png,synth,22,0,69,9,0,0,0,"The image depicts a landscape dominated by extensive areas of grass (69%), interspersed with scattered trees (22%) and a small area of cultivated crops (9%). A linear feature, likely a road or waterway, cuts through the grassy expanse, suggesting a transportation route within the region.","The scene depicts a predominantly agricultural landscape, with vast expanses of grassland interspersed with patchwork crop fields and bordered by dense tree cover along the periphery.","The scene is predominantly grassland, with minor areas of crop and tree cover. Grasslands dominate the landscape, indicating a natural or pasture-based land use.","The image depicts a landscape dominated by agricultural fields, likely cultivated for crops, interspersed with patches of forested areas and a meandering river channel. A dark, linear feature suggests a river or drainage system cutting through the terrain.","This satellite image shows a patchwork of agricultural fields in varying shades of green and brown, interspersed with linear features likely representing roads or irrigation channels, all bordered by darker forested areas. The landscape suggests a rural, cultivated region with clear human land use patterns."
242985.png,synth,8,0,58,33,1,0,0,"The image depicts a landscape dominated by grassland (58%) interspersed with cultivated crops (33%) and a small area of scattered trees (8%). A road and a small built-up area (1%) are visible running through the scene, suggesting a rural agricultural region.","The scene depicts a predominantly agricultural landscape, with vast expanses of grassland interspersed with cultivated crop fields, forming a patchwork pattern across rolling terrain. Sparse built-up areas and small pockets of tree cover are scattered throughout, suggesting a rural setting with limited urban development.","The scene is predominantly grassland, covering 58% of the area, with significant crop coverage at 33%, indicating a rural or agricultural landscape with open fields and natural vegetation.","The image depicts an agricultural landscape with cultivated fields interspersed with darker, possibly eroded or less productive areas. A road and a small building are visible, running through a terrain characterized by linear drainage patterns and subtle topographic variations.","This satellite image shows a rural, hilly landscape with patchwork agricultural fields, winding river valleys, and a small settlement along a road, indicative of fragmented land use in a temperate or Mediterranean region."
293846.png,synth,40,0,55,3,1,1,0,"The image depicts a landscape dominated by grass (55%) and scattered trees (40%), with a small area of cultivated crops (3%) and minimal built-up areas (1%). A road winds through the terrain, adjacent to a region of barren land (1%) and a larger area of what appears to be a developed or institutional site (1%).","The scene is dominated by grasslands (55%) interspersed with dense tree cover (40%), forming a largely natural, vegetated landscape. Small patches of crop fields (3%) and isolated built-up areas (1%) are scattered, suggesting limited human development within a predominantly rural, forested, and grassy environment.","The scene is predominantly grassland, with grass covering 55% of the area, making it the dominant land use. Trees account for 40% of the land, indicating a mix of natural vegetation and some forested or wooded areas, while crops and built-up areas are minor components.","The image depicts a rugged, mountainous terrain with a road cutting through a predominantly arid, brown landscape, suggesting agricultural or grazing land. Several small, white structures are visible, likely representing buildings or infrastructure associated with human activity within this remote area.","This satellite image shows a rugged, mountainous terrain with sparse vegetation, featuring a small cluster of buildings and a winding road or trail cutting through the landscape, indicative of a remote or sparsely populated area."
213174.png,synth,0,0,88,12,0,0,0,"The image depicts a landscape dominated by extensive grassland (88%), with a smaller area of cultivated crops (12%) interspersed within the region. A network of roads and a prominent, elevated landform are visible throughout the scene.","The scene depicts a predominantly grassland landscape, with patches of cultivated crop fields scattered throughout, forming a mosaic pattern interrupted by linear features like roads and waterways.","The scene is predominantly grassland, with extensive natural or pasture land use covering 88% of the area. Crop cultivation accounts for only a small portion (12%), indicating limited agricultural activity.","The image depicts a semi-arid landscape with extensive cultivated fields, primarily in shades of brown and green, interspersed with patches of barren land. A prominent, elevated ridge or mesa dominates the center of the scene, bordered by a network of roads and agricultural areas.","This satellite image shows a rural landscape dominated by patchwork agricultural fields and a winding river, with a prominent road cutting across the terrain, indicating human land use and transportation infrastructure."
66373.png,synth,16,0,82,0,0,2,0,"The image depicts a landscape dominated by extensive grasslands (82%) interspersed with scattered trees (16%), alongside a prominent river channel and areas of barren land (2%). The terrain appears to be characterized by rolling hills and valleys, suggesting a potentially arid or semi-arid environment.","The scene depicts a rugged, hilly landscape dominated by grasslands covering 82% of the area, with scattered tree cover (16%) concentrated in valleys and along ridges, and minimal barren land (2%) visible as sparse, exposed patches.","The scene is predominantly grassland, with 82% coverage, indicating a large area of open vegetation such as pasture or natural grass cover. Trees are sparse (16%), and barren areas are minimal (2%), suggesting a primarily agricultural or natural grass-dominated landscape.","This image depicts a rugged, mountainous landscape with a meandering river cutting through arid and semi-arid terrain, suggesting a region with limited agricultural land use and dominated by natural vegetation and rocky outcrops. The presence of a substantial river indicates a potential source of water and supports a riparian zone of green vegetation.","This satellite image shows a rugged, mountainous terrain with varied vegetation, likely in a semi-arid or temperate region, featuring winding river valleys and sparse human infrastructure such as roads or settlements."
219708.png,synth,93,0,7,0,0,0,0,"The image depicts a mountainous region dominated by dense forest (93%) interspersed with patches of grassland (7%). A prominent river or stream meanders through the valley floor, carving a path through the forested terrain.","The scene is dominated by dense tree cover (93%), forming a continuous, dark green canopy across most of the area, with sparse grassy patches (7%) visible as lighter, textured regions, particularly along winding waterways and in fragmented clearings.","The scene is predominantly forested, with tree cover accounting for 93% of the land use, indicating a dense woodland or forested area. Grass coverage is minimal at 7%, suggesting sparse open ground or edges within the forest.","This image depicts a mountainous region dominated by dense forest cover, with a prominent river winding through the valleys and a possible road or trail cutting across the landscape. Evidence of past disturbance, likely from wildfires, is visible in the lighter, exposed areas of the terrain.","This satellite image shows a rugged, forested mountainous region with a winding river carving through the terrain, and a small, isolated settlement nestled along its banks, indicating sparse human development in a remote, natural landscape."
110190.png,synth,0,0,83,16,1,0,0,"The image depicts a landscape dominated by extensive grassland (83%), interspersed with cultivated crops (16%), and a small, sparse built-up area (1%). A network of roads and drainage channels cuts through the terrain, suggesting an agricultural region with some localized settlement.","The scene is dominated by expansive grasslands, with scattered, small patches of crop fields and minimal built-up areas, suggesting a rural landscape where agriculture is secondary to natural vegetation.","The scene is predominantly grassland, with extensive natural vegetation covering 83% of the area. Crop fields occupy a smaller portion (16%), indicating a mix of natural and agricultural land use, while built-up areas are minimal (1%).","The image depicts a semi-arid landscape with extensive agricultural fields and a small settlement clustered along a road, suggesting a rural area with cultivated land and limited development. The terrain appears to be rolling hills and valleys, indicative of a potentially eroded or gently sloping landscape.","This satellite image shows a semi-arid, hilly landscape with sparse vegetation and scattered human settlements, characterized by winding roads and small clusters of buildings nestled in the valleys, indicative of rural land use in a rugged terrain."
175464.png,synth,18,0,79,1,0,2,0,"The image depicts a landscape dominated by extensive grassland (79%) interspersed with areas of sparse tree cover (18%) and a small amount of cultivated crop (1%). Significant barren land (2%) is visible, particularly along the edges and within some depressions, suggesting a rugged terrain with varied soil conditions.","The scene is dominated by grasslands (79%), interspersed with patches of tree cover (18%) and small areas of barren land (2%), suggesting a semi-arid or savanna-like landscape with sparse, scattered vegetation. The spatial layout shows a rough, textured terrain with irregular patterns, likely reflecting natural topography and vegetation distribution rather than structured human land use.","The scene is predominantly grassland, with grass covering 79% of the area, indicating a large-scale natural or pasture-based landscape. Tree coverage is minor at 18%, and crop and barren areas are negligible.","This image depicts a heavily eroded, arid landscape with extensive reddish-brown rock formations and gullies, suggesting a region of significant geological weathering and likely limited vegetation cover. The terrain appears to be characterized by steep slopes and intricate drainage patterns, indicative of a desert or semi-desert environment.","This remote sensing image depicts a rugged, arid landscape dominated by rocky outcrops and sparse vegetation, with a prominent linear feature—likely a riverbed or fault line—cutting through the terrain, suggesting a semi-desert or mountainous region with limited human development."
101252.png,synth,73,0,25,2,0,0,0,"The image depicts a landscape dominated by dense forest (73%) interspersed with areas of exposed, reddish-brown soil, likely due to erosion or disturbance. A significant portion of the area shows evidence of grassland (25%), with a small amount of cultivated land (2%) visible within the forested region.","The scene depicts a predominantly forested landscape with dense tree cover dominating 73% of the area, interspersed with patches of grassland (25%) and sparse crop fields (2%), suggesting a rural or semi-rural setting with varied terrain.","The scene is predominantly forested, with tree cover accounting for 73% of the land use, indicating a heavily wooded area. Grasslands make up a smaller portion, with only 25%, and crop coverage is minimal at 2%.","This image depicts a heavily forested region with significant areas of reddish-brown soil, likely due to erosion or mining activity, interspersed with river channels and drainage patterns. The dominant land use appears to be dense, undisturbed forest cover, though impacted by human activities in certain areas.","This satellite image shows a rugged, mountainous terrain with dense green forests covering the slopes, interspersed with lighter-toned areas of agriculture or barren land, and a winding river carving through the valley."
51472.png,synth,0,0,80,18,0,2,0,"The image depicts a landscape dominated by extensive grassland (80%), interspersed with cultivated crop fields (18%) and small areas of barren land (2%). A network of roads and linear features suggests agricultural activity and potentially drainage patterns within the hilly terrain.","The scene depicts a predominantly grass-covered landscape with scattered, small patches of cultivated crop fields and minimal barren areas, suggesting a rural, semi-arid region where agriculture is limited and natural vegetation dominates.","The scene is predominantly grassland, with extensive natural vegetation covering 80% of the area, indicating a primarily open pasture or natural grassland use.","This image depicts a hilly, arid landscape with extensive agricultural fields, primarily used for cultivation, interspersed with a network of roads and small settlements. The terrain shows significant terracing, suggesting a history of intensive farming practices in a relatively steep and dry environment.","This satellite image shows a rural, hilly landscape with terraced agriculture and patchwork fields, likely in a dry or semi-arid region, featuring a small settlement and winding roads nestled among the undulating terrain."
235972.png,synth,0,0,51,46,0,3,0,"The image depicts a landscape dominated by agricultural land, with approximately 51% covered in grass and 46% in crops, interspersed with small areas of barren land (3%). A linear feature, likely a road or irrigation channel, cuts through the agricultural fields.","The scene depicts a predominantly agricultural landscape, where grasslands and croplands dominate the spatial layout, interspersed with narrow strips of barren land and linear features like roads or waterways.","The scene is predominantly grassland, covering 51% of the area, with a significant portion dedicated to crop production at 46%. Grasslands are the dominant land use, slightly outpacing cropland.","The image depicts a landscape dominated by agricultural fields, primarily cultivated in reddish-brown hues, intersected by a linear waterway. A small area of dense, dark green vegetation suggests a forested or wooded region, contrasting with the surrounding open farmland.","This satellite image shows a patchwork of agricultural fields in a semi-arid region, characterized by varied soil tones and scattered green vegetation, intersected by a prominent road and bordered by a darker vegetated area, likely a river corridor or wetland."
86121.png,synth,36,0,64,0,0,0,0,"The image depicts a hilly landscape dominated by extensive grassland (64%) interspersed with scattered trees (36%). A prominent drainage channel or river valley cuts through the terrain, contributing to the varied topography.","The scene depicts a predominantly grassland-dominated landscape, covering 64% of the area, with scattered tree cover (36%) forming patches and linear features, suggesting a semi-arid or savanna-like environment with interspersed vegetation.","The scene is dominated by grass cover, indicating an open, likely agricultural or natural pasture landscape with minimal tree cover.","The image depicts a rugged, mountainous terrain with a mix of sparse vegetation and exposed rock, suggesting a semi-arid or arid environment. A winding river or drainage channel cuts through the landscape, indicating a potential area of limited agricultural or settlement activity.","This satellite image shows a rugged, arid landscape dominated by dry, brown terrain with sparse vegetation, featuring a winding river or stream cutting through the valley and a distinct, darker green patch indicating a forested or wetland area."
65632.png,synth,94,0,6,0,0,0,0,"The image depicts a landscape dominated by dense forest cover (94%) with a smaller area of sparse grass (6%). A prominent river or stream meanders through the forested terrain, exhibiting some exposed banks and variations in vegetation density along its course.","The scene is dominated by dense tree cover (94%), forming a continuous, dark green canopy that blankets most of the landscape, with a narrow, winding waterway cutting through the center and a small patch of lighter, possibly grassy or disturbed area in the lower right.","The scene is predominantly forested, with tree cover accounting for 94% of the land use, indicating a dense woodland or forested area. Grass coverage is minimal at 6%, suggesting sparse or secondary vegetation.","The image depicts a heavily forested region, likely a tropical or subtropical mountain range, with a prominent river winding through the dense vegetation. The terrain shows significant elevation changes and a mix of forested slopes and exposed rocky areas.","This satellite image shows a rugged, mountainous terrain with a prominent river or stream carving a valley through dense, forested slopes. The varied green and brown hues indicate mixed vegetation and exposed earth, with a small settlement or cluster of structures visible near the water’s edge."
107638.png,synth,11,0,39,49,0,0,1,"The image depicts a landscape dominated by agricultural land, with approximately 49% consisting of crops, 39% of grass, and 11% of trees, interspersed with a small settlement. A linear feature, likely a road, traverses the terrain, and a small body of water is visible in the foreground.","The scene is dominated by agricultural land use, with crop fields (49%) forming the largest spatially contiguous area, interspersed with grasslands (39%) and fragmented tree cover (11%), all bisected by waterways and linear infrastructure.","The scene is primarily agricultural, with crops covering 49% of the area, making it the dominant land use. Grass covers a significant secondary portion, suggesting pasture or natural vegetation within the farmland.","The image depicts a landscape dominated by agricultural fields, likely used for farming, interspersed with rolling hills and a meandering river. A small settlement is located in a valley, alongside a road that cuts through the terrain.","This satellite image shows a patchwork of agricultural fields in varying shades of green and brown, interspersed with winding waterways and a small cluster of buildings, likely a rural settlement, nestled within a gently undulating landscape."
260127.png,synth,6,0,26,68,0,0,0,"The image depicts a landscape dominated by cultivated crops (68%), interspersed with areas of grass (26%) and scattered trees (6%). A network of linear features, likely drainage channels or irrigation systems, cuts through the agricultural fields, suggesting a managed landscape with significant agricultural activity.","The scene depicts a patchwork of agricultural land, dominated by croplands (68%) arranged in geometric fields, interspersed with grasslands (26%) and scattered tree cover (6%), suggesting a managed rural landscape with clear field boundaries and minor natural vegetation.","The scene is primarily agricultural, with crop covering 68% of the area, indicating a dominant land use of farming or cultivated land.","This image depicts a landscape dominated by agricultural fields, likely used for farming, interspersed with a network of drainage channels and small bodies of water. The area appears to be characterized by a patchwork of cultivated land and natural water features, suggesting a region with intensive agricultural practices.","This satellite image shows a patchwork of agricultural fields in varying shades of green and brown, interspersed with dark, winding waterways that suggest a river or stream system, characteristic of a rural, cultivated landscape."
160886.png,synth,1,0,90,3,0,6,0,"The image depicts a rugged, mountainous landscape dominated by extensive grasslands (90%) interspersed with areas of barren land (6%). A narrow, winding river channel cuts through the terrain, supporting a small amount of cultivated crop (3%) and a negligible amount of tree cover (1%).","The scene depicts a rugged, mountainous terrain dominated by grasslands (90%), with sparse tree cover (1%) and small patches of crop and barren land (3% and 6% respectively), suggesting a semi-arid or highland environment with limited agricultural development.","The scene is predominantly covered by grass, indicating a large-scale natural or pastureland area with minimal agricultural or developed land use.","This image depicts a rugged, arid landscape characterized by extensive canyons and mountain ranges, likely a desert or semi-arid region with sparse vegetation. A prominent river channel winds through the terrain, suggesting a potential area for limited agriculture or human settlement.","This remote sensing image shows a rugged, arid mountainous region with prominent ridges and valleys, characterized by sparse vegetation and exposed earth tones. A winding road or river cuts through the terrain, highlighting human or natural pathways through the otherwise barren landscape."
183040.png,synth,54,0,40,5,0,1,0,"The image depicts a landscape dominated by dense tree cover (54%) interspersed with extensive areas of grass (40%), with a small proportion of cultivated crops (5%) and minimal barren land (1%). The terrain appears hilly or mountainous, exhibiting varied shading and textural differences across the vegetation.","The scene is dominated by dense tree cover (54%) interspersed with extensive grasslands (40%), forming a patchwork landscape with minor areas of crop fields (5%) and barren land (1%), suggesting a mixed-use rural or semi-natural environment.","The scene is primarily forested, with trees covering 54% of the area, making it the dominant land use. Grasslands account for a significant secondary portion at 40%, while crops and barren areas are minor.","This image depicts a mountainous region with a mix of forested slopes and extensive, light-colored, likely arid, grasslands or shrublands at lower elevations. The terrain shows significant topographic variation, with ridges and valleys suggesting a rugged, hilly landscape.","This satellite image shows a rugged, mountainous terrain with a mix of forested areas (dark green) and exposed, rocky or sparsely vegetated slopes (tan and brown), indicating varied land use and topography. A prominent river or stream cuts through the landscape, carving a valley and defining the region’s hydrological feature."
270347.png,synth,0,0,77,15,0,8,0,"The image depicts a landscape dominated by extensive grasslands (77%), interspersed with cultivated crops (15%), and small areas of barren land (8%). It shows a terrain characterized by numerous, deeply incised river valleys and ridges, suggesting a region with significant fluvial erosion and a relatively arid climate.","The scene depicts a predominantly grass-covered landscape, with patches of crop fields and sparse barren areas, suggesting a rural or semi-arid region where agriculture is practiced on a limited scale within a largely natural, vegetated terrain.","The scene is predominantly grassland, with extensive natural vegetation covering 77% of the area, indicating a large-scale grassy landscape such as pasture or open fields. Crop cultivation accounts for a smaller portion (15%), suggesting limited agricultural activity.","This image depicts a rugged, arid landscape characterized by extensive canyons and mesas, likely within a desert or semi-arid region. The dominant land use appears to be sparsely vegetated, with a reddish-brown coloration suggesting iron-rich soils and limited surface moisture.","This remote sensing image depicts a rugged, arid mountainous region with prominent terraced slopes and sparse vegetation, indicative of dryland agriculture or natural erosion patterns in a semi-desert or highland environment."
70227.png,synth,39,0,61,0,0,0,0,"The image depicts a landscape dominated by extensive grasslands (61%) interspersed with scattered trees (39%), situated within a rugged, hilly terrain. The ground appears dry and barren, suggesting a potentially arid or semi-arid environment.","The scene depicts a rugged, mountainous terrain where grasslands dominate at 61%, interspersed with patches of tree cover at 39%, suggesting a mixed-use landscape shaped by topography and natural vegetation patterns.","The scene is predominantly grassland, with a minor presence of trees, indicating an open, natural or agricultural landscape with limited forest cover.","This remote sensing image depicts a rugged, arid landscape with extensive areas of dry, brown terrain interspersed with patches of green vegetation, likely indicating some scattered areas of scrub or limited vegetation cover. The image shows a mountainous region with significant drainage patterns and erosion features.","This satellite image shows a rugged, mountainous terrain with patchy vegetation, likely in a semi-arid or highland region, where sparse green areas contrast with dominant brown and tan earth tones, indicating limited agriculture or natural scrubland."
144921.png,synth,0,0,96,0,0,4,0,"The image depicts a landscape dominated by extensive grassland (96%), interspersed with small areas of barren land (4%). A prominent, winding river channel cuts through the terrain, suggesting a valley or drainage area within a mountainous region.","The scene depicts a rugged, mountainous terrain dominated by grassland covering 96% of the area, with sparse barren patches making up the remaining 4%, suggesting a largely natural, vegetated landscape with minimal human disturbance.","The scene is predominantly grassland, indicating a well-developed natural or managed pasture. A small portion is barren, suggesting sparse or degraded land cover.","This image depicts a rugged, mountainous terrain with extensive erosion and gullies, suggesting arid or semi-arid land use with limited vegetation cover. A prominent river channel winds through the valley, indicating a potential water source and possibly supporting some localized agriculture or settlement.","This remote sensing image shows a rugged, arid mountainous region with prominent ridges and valleys, characterized by sparse vegetation and earthy tones, suggesting a dry, possibly semi-desert or high-altitude environment with limited human development."
100475.png,synth,0,0,90,10,0,0,0,"The image depicts a landscape dominated by extensive grassland (90%), interspersed with small areas of cultivated crops (10%). Prominent linear features suggest drainage channels and possibly some topographic relief, with a generally undulating terrain.","The scene is dominated by grassland, covering 90% of the area with a patchy, textured appearance suggesting natural or lightly managed vegetation, while 10% consists of scattered crop fields, likely appearing as smaller, more uniform patches within the broader grassy expanse.","The scene is predominantly grassland, with only a small fraction covered by crops. This indicates a primarily natural or pasture-based land use.","The image depicts a rugged, arid landscape with extensive areas of bare rock and sparse vegetation, likely representing a desert or semi-desert environment. Linear features suggest drainage channels and possibly some limited agricultural or grazing land within the broader rocky terrain.","This remote sensing image depicts a rugged, mountainous terrain characterized by complex topography with interlocking ridges and valleys, likely covered in forest or scrubland, as indicated by the varied brown and green tones. The absence of clear linear features or uniform patterns suggests minimal human development, pointing to a natural, undeveloped landscape."
137266.png,synth,3,0,94,0,0,3,0,"The image depicts a landscape dominated by extensive grasslands (94%), interspersed with small areas of barren land (3%) and a limited amount of tree cover (3%). Several linear features, likely river channels or drainage paths, are visible throughout the scene.","The scene is predominantly covered by grass (94%), with sparse tree cover (3%) and minor barren areas (3%), suggesting a largely open, vegetated landscape with subtle topographic variation and minimal human development.","The scene is predominantly grassland, with nearly 94% coverage, indicating a large open area of natural or managed grass cover. Trees are sparse (3%), and barren areas are minimal (3%), suggesting the land is primarily used for pasture or natural grassy vegetation.","This image depicts a rugged, arid landscape with extensive areas of sparse vegetation and reddish-brown soil, likely a desert or semi-arid region. A prominent, meandering river channel cuts through the terrain, suggesting a critical water source and potentially supporting localized vegetation patches.","This satellite image shows a rugged, mountainous terrain with patchy vegetation and exposed earth, likely indicating a semi-arid or highland region. A prominent, winding river or stream cuts through the landscape, carving a valley and defining the topography."
199835.png,synth,23,0,77,0,0,0,0,"The image depicts a landscape dominated by extensive grasslands (77%) interspersed with scattered trees (23%), primarily concentrated along drainage channels and lower slopes. The terrain appears rugged and hilly, with numerous linear features suggesting riverbeds or drainage patterns.","The scene depicts a rugged, hilly terrain where grasslands dominate (77%) and are interspersed with patches of tree cover (23%), suggesting a semi-arid or mountainous landscape with sparse, scattered vegetation.","The scene is dominated by grass cover, indicating an open, likely agricultural or natural pastureland use. Tree coverage is minimal, suggesting sparse woodland or scattered vegetation within a predominantly grassy landscape.","The image depicts a rugged, mountainous landscape with extensive areas of dry, reddish-brown vegetation, likely scrubland or desert, interspersed with patches of denser, green vegetation along drainage channels. A network of winding river systems cuts through the terrain, suggesting a region with significant fluvial erosion and potentially limited agricultural land use.","This satellite image shows a rugged, mountainous terrain with a complex network of valleys and ridges, characterized by patchy vegetation and exposed earth tones, indicative of arid or semi-arid land use with limited human development."
12366.png,synth,100,0,0,0,0,0,0,"The image depicts a heavily forested area dominated by dense tree cover (100%), with a prominent river meandering through the landscape and flowing into a valley. The terrain appears hilly and undulating, suggesting a mountainous or hilly region.","The scene is entirely covered by dense tree canopy, indicating a continuous forested landscape with no visible clearings or non-vegetated areas. The spatial layout shows a complex, undulating terrain with varying shades of green, suggesting diverse tree species or canopy density across the rugged topography.","The scene is dominated by forest land use, with 100% coverage of trees, indicating a dense, continuous woodland or natural forest area.","This image depicts a heavily forested mountainous region, likely a tropical or subtropical area, with a prominent river winding through the valleys and slopes. The varied shades of green suggest a diverse range of vegetation types and potentially some areas of disturbed land along the riverbank.","This satellite image shows a river meandering through a predominantly forested or vegetated landscape, with a distinct, lighter-toned area suggesting a cleared or developed zone along the riverbank, possibly for agriculture or settlement. The surrounding terrain appears rugged and hilly, with varied green and brown hues indicating diverse vegetation and topography."
26901.png,synth,71,0,24,5,0,0,0,"The image depicts a landscape dominated by dense forest (71%) interspersed with areas of grassland (24%) and a small patch of cultivated crops (5%). A prominent river channel cuts through the terrain, flowing through a region characterized by undulating terrain and a small settlement in the lower right corner.","The scene is dominated by dense tree cover (71%), interspersed with patches of grassland (24%) and small, scattered crop fields (5%), suggesting a rural landscape where forestry is the primary land use, with agriculture occurring in fragmented, smaller areas.","The scene is predominantly forested, with trees covering 71% of the area, indicating a heavily wooded landscape. Grasslands make up a smaller portion, and crops are minimal, suggesting limited agricultural activity.","This image depicts a mountainous region with dense forest cover interspersed with areas of agricultural land, likely cultivated fields, and a small settlement nestled in the foothills. A prominent river meanders through the landscape, carving a valley through the terrain.","This satellite image shows a patchwork of agricultural fields and forested areas, with a winding river cutting through the landscape and a small settlement visible near the water’s edge."
279519.png,synth,55,0,44,0,1,0,0,"The image depicts a landscape dominated by dense tree cover (55%) and extensive grassland (44%), with a meandering river running through the center. A small area of built-up land (1%) is visible in the upper left corner, suggesting a localized settlement.","The scene is dominated by dense tree cover (55%) interspersed with grasslands (44%), forming a largely natural, forested landscape with minimal human development. A small built-up area (1%) is visible as a patchwork cluster in the upper left, indicating sparse settlement.","The scene is predominantly forested, with trees covering 55% of the area, indicating a forest or wooded landscape. Grasslands make up a significant secondary land cover (44%), suggesting open vegetation such as meadows or natural grasslands, while built-up areas are minimal at 1%.","The image depicts a heavily forested mountainous region with a meandering river cutting through the landscape, while a small settlement is located along the riverbank. The terrain shows significant topographic variation and appears to be dominated by dense vegetation cover.","This satellite image shows a rural landscape dominated by dense green forests interspersed with patches of cleared land, likely for agriculture or settlement, and a winding river cutting through the terrain. The topography appears hilly or mountainous, with the river carving a visible path through the valley."
216769.png,synth,86,2,12,0,0,0,0,"The image depicts a landscape dominated by dense forest (86%) interspersed with patches of exposed, rocky terrain and sparse grass (12%). A meandering water feature cuts through the forested area, suggesting a river or stream channel.","The scene is dominated by dense tree cover (86%), forming a continuous, dark green canopy across most of the landscape, with scattered patches of lighter-toned grass (12%) and minimal shrubbery (2%) visible in open or transitional areas.","The scene is dominated by trees, indicating a forested or wooded land use. A small portion is covered by grass, with minimal shrub coverage.","The image depicts a mountainous region dominated by dense forest cover, interspersed with areas of exposed rock and disturbed ground, likely due to erosion or past mining activity. A meandering river flows through the valley, carving its way through the landscape.","This satellite image shows a rugged, forested mountainous region with patches of cleared land and agricultural fields, likely in a temperate or boreal zone, where human activity is visible as small, irregular clearings and roads winding through the dense green canopy."
119488.png,synth,0,0,88,0,0,12,0,"The image depicts a landscape dominated by extensive grassland (88%), interspersed with areas of barren land (12%). The terrain appears rugged and hilly, with visible linear features suggesting drainage channels or gullies within the grassy areas.","The scene is dominated by grassland, covering 88% of the area with a mottled, textured appearance suggesting varied vegetation or topography, while 12% consists of barren land, likely exposed soil or rock, creating a patchwork contrast across the landscape.","The scene is predominantly grassland, indicating a large area of open, vegetated land likely used for pasture or natural grass cover. A small portion (12%) is barren, suggesting sparse or non-vegetated areas such as bare soil or rock.","This image depicts a rugged, mountainous landscape with predominantly barren, reddish-brown terrain, likely composed of exposed rock and soil. The presence of drainage channels suggests intermittent water flow and a lack of significant vegetation cover.","This satellite image shows a rugged, mountainous terrain with complex topography, characterized by deep valleys and ridges. The land use appears predominantly natural, with patches of forest or shrubland interspersed with areas of bare earth or sparse vegetation, suggesting a remote, possibly arid or semi-arid region."
159592.png,synth,20,0,78,0,0,2,0,"The image depicts a landscape dominated by extensive grass cover (78%), interspersed with scattered trees (20%) and minimal barren areas (2%). A network of linear features, likely drainage channels or gullies, cuts through the terrain, suggesting a relatively rugged and possibly arid environment.","The scene is dominated by grasslands covering 78% of the area, interspersed with patches of tree cover (20%) and sparse barren land (2%), suggesting a semi-arid or mountainous landscape with natural vegetation as the primary land use.","The scene is predominantly covered by grass, indicating a natural grassland or pastureland with minimal tree cover and very little barren area.","This image depicts a rugged, arid landscape characterized by extensive rocky terrain and sparse vegetation, likely a desert or semi-desert environment. A winding river or drainage channel cuts through the darker, vegetated areas, suggesting a potential source of water and influencing the distribution of land use.","This satellite image shows a rugged, mountainous terrain with patchwork patterns of agriculture and sparse vegetation, indicative of terraced farming in a semi-arid or Mediterranean climate zone. A winding road and a small settlement are visible in the lower right, nestled within the valley."
214789.png,synth,35,0,64,1,0,0,0,"The image depicts a landscape dominated by extensive areas of grass (64%), interspersed with patches of trees (35%), and a small area of cultivated crops (1%). A prominent, linear drainage channel cuts through the terrain, suggesting a river or stream valley with associated slopes and varied terrain.","The scene is dominated by grasslands (64%), interspersed with patches of tree cover (35%) and sparse crop areas (1%), suggesting a rural or semi-arid landscape with a mix of natural vegetation and limited agriculture.","The scene is predominantly grassland, with grass covering 64% of the area, indicating a large-scale natural or pastureland use. Trees make up a smaller portion (35%), and crops are minimal (1%), suggesting limited agricultural activity.","This image depicts a rugged, mountainous landscape with a mix of forested areas and arid, reddish-brown terrain, likely indicating a transition zone between higher elevations and drier, possibly desert-like conditions. A prominent river or drainage channel winds through the valley, suggesting a significant water source and supporting vegetation in its immediate vicinity.","This satellite image shows a rugged, mountainous terrain with varied land use, including patches of dense forest (dark green), exposed rocky outcrops (brown and gray), and possible agricultural or cleared areas (lighter tones). A winding river or stream cuts through the landscape, carving a valley and reflecting light, while a small, distinct reddish-orange feature suggests a mineral deposit or man-made structure."
56558.png,synth,0,0,93,4,0,3,0,"The image depicts a landscape dominated by extensive grassland (93%), with a small area of cultivated crops (4%) and minimal barren land (3%). The terrain appears undulating with visible linear features suggesting drainage patterns and possibly eroded areas.","The scene is dominated by grasslands covering 93% of the area, with a patchwork of sparse crop fields (4%) and small barren patches (3%) scattered across a rugged, textured terrain.","The scene is predominantly grassland, with extensive natural vegetation covering nearly 93% of the area. Crop and barren land make up a small fraction, indicating minimal agricultural or exposed land use.","This image depicts a vast, arid landscape likely dominated by desert or semi-arid land use, characterized by extensive, winding drainage channels and subtle topographic variations suggesting a rocky, eroded terrain. The overall color palette indicates a sandy or dusty surface with minimal vegetation cover.","This remote sensing image depicts a rugged, arid landscape dominated by desert terrain with sparse vegetation, characterized by winding riverbeds and dry washes cutting through undulating, rocky hills. The muted earth tones and lack of dense development suggest a remote, sparsely populated region with limited human infrastructure."
33166.png,synth,0,0,3,97,0,0,0,"The image depicts a landscape dominated by cultivated crops (97%), with a small area of grass (3%) visible along a linear feature, likely a road or drainage channel. The terrain appears relatively flat with numerous irregularly shaped fields.","The scene depicts a predominantly agricultural landscape, where 97% of the area is covered by cultivated crops arranged in a patchwork of fields, interspersed with small, scattered grassy areas. A winding waterway cuts through the terrain, adding a linear feature to the otherwise fragmented rural layout.","The scene is predominantly agricultural, with 97% of the area covered by crops, indicating a large-scale farming landscape. Grass covers only a small fraction (3%), suggesting limited natural or pasture land use.","The image depicts a landscape dominated by agricultural fields, likely cultivated for farming, interspersed with some areas of natural vegetation. A prominent, linear feature – possibly a drainage channel or road – cuts across the terrain, suggesting a human-modified landscape within a broader, undulating agricultural region.","This satellite image shows a patchwork of agricultural fields in a rural landscape, characterized by varied soil tones and crop types, with a prominent river or stream winding through the terrain and defining the land use pattern."
222773.png,synth,41,7,34,0,0,1,17,"The image depicts a landscape dominated by dense forest (41%) along a winding river channel, with significant areas of grassland (34%) and a smaller proportion of barren land (1%). A substantial body of water (17%) occupies the lower portion of the image, flanked by steep, brown-toned hills and scattered shrub cover (7%).","The scene features a large, winding water body dominating the center, bordered by a mix of dense tree cover and grasslands, with sparse shrub and barren areas in the surrounding terrain.","The scene is dominated by grassland (34%), with significant tree cover (41%), indicating a mix of natural vegetation and open grassy areas. This suggests a landscape with a strong grassland component and moderate forest coverage, likely in a temperate or savanna-like environment.","This image depicts a mountainous region with a large, deep lake nestled within a valley, surrounded by dense forest cover and arid, reddish-brown terrain. The landscape suggests a transition between forested highlands and a water-rich valley floor, likely influenced by a river system.","This satellite image shows a deep, winding river or fjord cutting through rugged, forested mountains, with a prominent, light-colored coastal plain or delta at its mouth, indicating a significant land-water interface in a mountainous region."
48692.png,synth,97,0,3,0,0,0,0,"The image depicts a landscape dominated by dense forest cover (97%) with scattered patches of grass (3%), and characterized by a meandering river system cutting through the terrain. The terrain appears hilly and undulating, suggesting a forested mountainous region.","The scene is overwhelmingly dominated by dense tree cover, forming a continuous, textured green canopy that blankets nearly the entire area, with only sparse, scattered patches of grass visible. This suggests a forested or heavily wooded landscape with minimal open ground.","The scene is dominated by forest cover, indicating a primarily wooded land use with minimal grassland.","This image depicts a heavily forested mountainous region, likely a tropical rainforest, characterized by dense vegetation and meandering river systems carving through the terrain. The varied shades of green and brown indicate different vegetation types and soil conditions within the landscape.","This satellite image shows a rugged, forested mountainous region with varied vegetation, likely a tropical or subtropical highland, where winding rivers and streams cut through the terrain, creating a complex network of valleys and ridges."
36832.png,synth,0,0,100,0,0,0,0,"The image depicts a landscape dominated by extensive areas of grass, covering approximately 100% of the observed area. It shows a relatively flat terrain with subtle linear features, likely representing shallow drainage channels or minor riverbeds, all covered in a uniform brown grass cover.","The scene is entirely covered by grass, forming a continuous, undulating landscape with subtle variations in tone suggesting gentle topography and natural vegetation patterns. There are no discernible human structures or other land cover types, indicating a pristine, natural grassland expanse.","The scene is dominated by extensive grassland coverage, indicating a primarily agricultural or natural pastureland use.","This image depicts a vast, arid landscape likely consisting of desert or semi-arid terrain, characterized by extensive sand dunes and subtle linear drainage patterns suggesting intermittent river systems. The overall color palette indicates a predominance of sandy and rocky soils with minimal vegetation cover.","This satellite image shows a rugged, arid or semi-arid landscape dominated by undulating terrain with sparse vegetation, likely a mountainous or hilly region. Key features include winding linear patterns suggesting roads or riverbeds, and small, scattered white patches that may be water bodies or snow, indicating a high-altitude or seasonally dry environment."
226500.png,synth,0,0,0,100,0,0,0,"The image depicts a landscape dominated by cultivated fields, with approximately 100% of the area covered by crop vegetation. A network of linear features, likely irrigation canals or drainage ditches, bisects the fields, suggesting a managed agricultural area.","The scene is entirely covered by agricultural cropland, displaying a patchwork of geometrically shaped fields in varying shades of brown and tan, indicative of different crop types or growth stages across the landscape.","The scene is dominated by agricultural land use, with extensive cropland covering the entire area.","This remote sensing image depicts a heavily terraced agricultural landscape, likely in a dry or semi-arid region, with distinct rectangular fields separated by irrigation channels. The terrain shows evidence of significant human modification for farming, suggesting a challenging environment for cultivation.","This remote sensing image shows a patchwork of agricultural fields in a semi-arid region, characterized by geometrically segmented plots with varying shades of brown and tan, indicative of dry soil or different crop types, intersected by faint linear features likely representing irrigation channels or roads."
202702.png,synth,72,0,26,1,0,0,1,"The image depicts a mountainous region dominated by dense forest (72%) interspersed with patches of exposed, reddish-brown soil and grass (26%). A narrow river meanders through the landscape, with a small amount of water (1%) and minimal evidence of cultivated land (1%).","The scene is dominated by dense tree cover (72%), forming a continuous, dark green canopy that blankets most of the landscape, with patches of lighter-toned grass (26%) interspersed, particularly in valleys and along waterways, and small, scattered areas of crop and water.","The scene is primarily dominated by tree cover, indicating a forested or wooded landscape with some grassland and minimal agricultural or water features.","The image depicts a mountainous region with dense, green forest cover interspersed with areas of recent burn scars, likely from a wildfire. A river meanders through the landscape, carving a valley between the forested slopes and suggesting a significant drainage system.","This satellite image shows a rugged, mountainous terrain with patchy forest cover and scattered agricultural or cleared areas, featuring a winding river and a prominent lake in the lower right, indicative of a varied highland landscape with human land use."
184995.png,synth,0,0,7,90,1,2,0,"The image depicts a landscape dominated by cultivated crops (90%), with a small area of grass (7%) and minimal barren land (2%). A small portion of the area is also characterized by built-up structures (1%).","The scene is dominated by vast, uniform crop fields (90%), interspersed with small patches of barren land (2%) and sparse built-up areas (1%), with grass covering only a minor portion (7%) — suggesting a highly agricultural landscape with minimal urban development.","The scene is predominantly agricultural, with 90% of the area covered by crops, indicating a rural or farming landscape. Grass covers a small portion, suggesting limited natural vegetation or pasture.","This image depicts a vast, reddish-brown landscape likely composed of sedimentary rock and sand dunes, characteristic of Mars’ northern plains. The terrain exhibits intricate patterns of ridges and valleys, suggesting past fluvial activity and wind-blown deposition.","This remote sensing image depicts a rugged, arid landscape dominated by desert terrain with prominent sand dunes and rocky outcrops, interspersed with dark, linear features likely representing dry riverbeds or geological fractures. The muted earth tones and lack of vegetation suggest a harsh, sparsely populated environment with minimal human land use."
297505.png,synth,1,0,88,0,0,11,0,"The image depicts a landscape dominated by extensive areas of grass (88%), interspersed with patches of barren land (11%), and a small amount of tree cover (1%). The terrain appears rugged and uneven, with visible ridges and valleys suggesting a hilly or mountainous region.","The scene is dominated by vast expanses of grassland (88%), interspersed with patches of barren, rocky terrain (11%) and sparse tree cover (1%), suggesting a semi-arid or mountainous landscape with limited vegetation density.","The scene is predominantly grassland, covering 88% of the area, with minimal tree cover and small patches of barren land.","This image depicts a heavily eroded, mountainous landscape with predominantly barren, reddish-brown terrain, likely composed of exposed rock and soil. The rugged terrain suggests a region with significant geological activity and limited vegetation cover.","This remote sensing image depicts a rugged, arid or semi-arid landscape dominated by rocky terrain and sparse vegetation, with a winding river or stream cutting through the scene, suggesting a dryland environment with limited water resources."
284361.png,synth,43,0,51,0,6,0,0,"The image depicts a landscape dominated by grass (51%) and scattered trees (43%), with a small area of built-up structures (6%) clustered around a road. The area appears to be characterized by a mix of open fields and some localized development.","The scene depicts a rural landscape dominated by grasslands (51%) interspersed with tree cover (43%), with small, scattered built-up areas (6%) indicating sparse human settlement along roads and waterways.","The scene is predominantly grassland, with a significant portion covered by grass (51%), indicating an open, natural landscape with minimal human development. Trees cover a moderate 43%, and built-up areas are sparse at 6%, suggesting a rural or natural environment with limited urbanization.","The image depicts an area with a mix of agricultural land, a highway, and a dense cluster of buildings and structures, likely a town or industrial area, surrounded by darker forested regions. The bright, reflective areas appear to be buildings or possibly a light-colored industrial complex.","This satellite image shows a rural landscape with patchwork agricultural fields surrounding a small cluster of illuminated buildings, likely a village or hamlet, situated near a winding road and a prominent water body, possibly a lake or reservoir."
186762.png,synth,3,0,96,0,0,1,0,"The image depicts a landscape dominated by extensive grasslands (96%) interspersed with a narrow, vegetated riparian zone (3%) along a linear feature, likely a river or drainage channel. The surrounding terrain appears largely barren (1%), characterized by rugged, hilly or mountainous terrain.","The scene is dominated by vast expanses of grass covering 96% of the area, with sparse, scattered trees (3%) and minimal barren land (1%) visible, suggesting a predominantly grassland environment with low tree density and rocky or arid terrain.","The scene is predominantly grassland, with minimal tree cover and negligible barren areas, indicating a vast open pasture or natural grassy ecosystem.","This image depicts a rugged, arid landscape dominated by brown, rocky terrain, with a distinct green riparian area along a winding river channel. The presence of vegetation suggests a vital water source within this otherwise dry and mountainous region.","This remote sensing image depicts a rugged, arid landscape dominated by rocky terrain and sparse vegetation, with a prominent, winding river or stream cutting through the valley, indicating a key water source in an otherwise dry environment."
194142.png,synth,77,0,21,0,2,0,0,"The image depicts a mountainous region dominated by dense forest cover (77%), interspersed with areas of grassland (21%). A small cluster of built-up areas (2%) is visible along a linear feature, likely a road or river, within the forested landscape.","The scene is predominantly covered by dense tree canopy, with scattered patches of grass and minimal built-up areas, suggesting a largely forested or woodland landscape interspersed with small clearings or settlements.","The scene is predominantly forested, with tree cover accounting for 77% of the area, indicating a heavily wooded landscape. Grasslands make up a smaller portion (21%), suggesting open vegetation, while built-up areas are minimal at 2%.","This image depicts a mountainous region with dense forest cover interspersed with agricultural land and small settlements, suggesting a landscape utilized for both forestry and farming, alongside a prominent river valley. A road network winds through the terrain, connecting the various land use areas within the mountainous setting.","This satellite image shows a rural landscape dominated by dense green forests interspersed with patches of cleared land, likely for agriculture or settlement, and a winding river or stream cutting through the terrain. A distinct, elongated, lighter-colored area suggests a man-made feature such as a reservoir or a large clearing."
156416.png,synth,99,0,1,0,0,0,0,"The image depicts a heavily forested mountainous region dominated by dense tree cover (99%), with a small area of sparse grass (1%) visible along a winding river channel. A small structure is present within the forested area.","The scene depicts a predominantly forested mountainous region, with tree cover dominating 99% of the area and forming a dense, continuous canopy across rolling terrain, while sparse grass patches occupy only 1% of the visible surface.","The scene is dominated by tree cover, indicating a forested or wooded land use. Grass occupies a negligible portion, suggesting minimal open or pasture land.","This image depicts a mountainous region dominated by dense, green forest cover, with a winding river cutting through the terrain and a small settlement visible near the riverbank. The rugged topography suggests a steep, hilly landscape with significant elevation changes.","This satellite image shows a rugged, forested mountainous region with dense green vegetation and scattered patches of lighter brown, indicating varied terrain or possible agricultural use. A small, distinct settlement or cluster of buildings is visible nestled in a valley, with winding roads or trails connecting it to surrounding areas."
88137.png,synth,1,0,98,1,0,0,0,"The image depicts a predominantly grassy landscape with a small area of cultivated crop, interspersed with a meandering, light-colored drainage channel. Approximately 98% of the area appears to be grass cover, with only 1% represented by crop and 1% by sparse trees.","The scene is dominated by vast expanses of grassland (98%), with sparse, scattered tree cover (1%) and minimal crop areas (1%), suggesting a predominantly natural, lightly managed landscape with minor agricultural intervention.","The scene is predominantly grassland, with minimal tree cover and negligible crop presence, indicating a large-scale natural pasture or open field ecosystem.","This image depicts a dry, arid landscape with sparse vegetation and a network of winding, light-colored drainage channels, likely indicating intermittent streams or washes. The overall land use appears to be primarily non-agricultural, with a predominantly barren and rocky terrain.","This satellite image shows a rugged, arid landscape dominated by brownish terrain with sparse vegetation, featuring a winding river or stream cutting through the valley and a faint road or track running parallel to it, indicating low-density human activity in a dry, possibly mountainous region."
148898.png,synth,0,0,26,0,0,4,70,"The image depicts a coastal area dominated by water (70%), with a significant portion of the remaining land covered in grass (26%). Small, barren patches (4%) are visible along the shoreline, suggesting a transition zone between the water and the grassy areas.","The scene depicts a coastal region where water dominates 70% of the area, forming a large, dark expanse surrounding a narrow, arid landmass. The land, covering 30%, is mostly barren (4%) with patches of grass (26%), suggesting a dry, sparsely vegetated coastline.","The scene is predominantly water, covering 70% of the area, with grass making up a smaller portion. Barren land is minimal, indicating a landscape dominated by aquatic features.","This remote sensing image depicts a coastal area with sandy, low-lying land extending into the ocean, likely a delta or shoreline environment. Several small, rocky islands are visible offshore, suggesting a complex interaction between land and sea.","This satellite image shows a rugged, arid coastline with sparse vegetation, featuring a prominent peninsula jutting into a dark ocean. Key geographical features include a narrow coastal plain and several small, isolated islands offshore, indicative of a semi-arid or desert region."
27004.png,synth,76,0,24,0,0,0,0,"The image depicts a heavily forested mountainous region dominated by trees (76%), with interspersed areas of grass (24%). A network of winding roads and drainage channels are visible throughout the landscape, cutting through the forested terrain.","The scene depicts a predominantly forested landscape, with tree cover dominating 76% of the area and forming a dense, continuous canopy across rolling terrain. Sparse grasslands (24%) are interspersed, appearing as lighter-toned patches along ridges and in valleys, suggesting a natural, undisturbed ecosystem with minimal human intervention.","The scene is dominated by tree cover, indicating a forested or wooded land use. Grass covers a smaller portion, suggesting a mix of forest and open vegetation, but the primary land use is forest.","This image depicts a mountainous region dominated by dense, forested land cover, with a network of roads and trails winding through the terrain. The presence of river valleys and ridges suggests a landscape shaped by fluvial processes and potentially some human activity related to transportation and access.","This satellite image shows a rugged, forested mountainous region with winding roads or trails cutting through dense green vegetation, indicating a sparsely populated or remote area with limited infrastructure."
40154.png,synth,60,0,40,0,0,0,0,"The image depicts a hilly landscape dominated by dense tree cover (60%) interspersed with areas of grassland (40%), with a prominent, winding river or stream running through the center of the scene. The terrain appears to be rugged with some exposed soil patches.","The scene depicts a landscape dominated by tree cover (60%), interspersed with grassy areas (40%), forming a patchwork of dense green and brownish vegetation across rolling terrain, with a winding road cutting through the midsection.","The scene is predominantly forested, with trees covering 60% of the area, indicating a forest or woodland land use. Grass covers the remaining 40%, suggesting a mix of open grassland or forest edge areas.","This image depicts a mountainous region with a significant amount of forested land interspersed with agricultural areas and a winding road cutting through the terrain. The presence of a river or stream is also visible, flowing through the valley and contributing to the varied land use patterns.","This satellite image shows a rugged, mountainous terrain with a mix of forested (green) and barren (brown) areas, likely indicating seasonal variation or land degradation. A winding road or river cuts through the landscape, highlighting human infrastructure or natural waterways in the hilly region."
203247.png,synth,0,0,90,5,0,5,0,"The image depicts a landscape dominated by extensive grassland (90%), with small patches of cultivated crops (5%) and minimal barren areas (5%). The terrain appears to be highly eroded and undulating, characterized by a complex network of ridges and valleys.","The scene is dominated by extensive grassland covering 90% of the area, with small, scattered patches of crop fields (5%) and barren land (5%) interspersed throughout, suggesting a rural or semi-arid agricultural landscape.","The scene is predominantly grassland, indicating a large area of natural or managed pasture, with only small portions designated for crops and barren land.","This image depicts a heavily eroded, arid landscape likely composed of sedimentary rock, characterized by intricate patterns of ridges and valleys indicative of extensive fluvial and aeolian processes. The overall land use appears to be primarily barren, with no visible signs of vegetation or human development.","This remote sensing image depicts a rugged, arid landscape dominated by undulating terrain with patchy vegetation, likely a semi-desert or dry steppe region. The mottled brown and tan hues suggest sparse, low-lying vegetation interspersed with bare earth or rocky outcrops, with no clear signs of dense urbanization or large-scale agriculture."
122837.png,synth,0,0,34,49,0,17,0,"The image depicts a landscape dominated by arid terrain with extensive gullies and canyons, interspersed with areas of cultivated crops and scattered grasslands. Approximately 49% of the area is covered by crops, 34% by grass, and 17% by barren land, suggesting a region experiencing seasonal water availability and agricultural activity within a predominantly dry environment.","The scene depicts a rugged, mountainous terrain with a dominant mix of crop fields (49%) and grasslands (34%), interspersed with barren, rocky areas (17%) along ridges and valleys, suggesting a semi-arid agricultural landscape shaped by topography.","The scene is primarily agricultural, with crops covering the largest area (49%), indicating a dominant farmland use, supplemented by grassland (34%) and sparse barren areas (17%).","This image depicts a rugged, arid landscape dominated by extensive canyons and ravines, likely a desert environment with sparse vegetation. A linear feature, possibly a road or wash, cuts through the terrain, highlighting the significant erosional processes shaping the area.","This remote sensing image depicts a rugged, arid mountainous region with prominent ridges and valleys, characterized by earthy reds and browns indicative of dry, rocky terrain with sparse vegetation. A winding river or stream cuts through the landscape, carving a distinct path through the otherwise barren and undulating topography."
271139.png,synth,45,0,54,0,0,1,0,"The image depicts a mountainous landscape dominated by extensive grasslands (54%) interspersed with significant tree cover (45%), with a small area of barren land (1%). A meandering river channel is visible winding through the terrain, suggesting a drainage system within the region.","The scene is dominated by extensive grasslands (54%) interspersed with dense tree cover (45%), forming a patchwork of green and brown tones across rolling terrain, with minimal barren areas (1%) scattered sparsely.","The scene is predominantly grassland, with grass covering 54% of the area, indicating a natural or agricultural open landscape. Trees make up a smaller portion (45%), suggesting a mix of natural vegetation and possibly scattered woodland or riparian areas, while barren land is minimal (1%).","The image depicts a mountainous region with a mix of forested areas and arid, brown terrain, likely indicating a transition zone between forested highlands and drier, possibly semi-arid, lower elevations. A prominent river or valley channel cuts through the landscape, suggesting a significant water source and potential agricultural or settlement areas along its banks.","This satellite image shows a rugged, arid landscape with a mix of barren, rocky terrain and patches of green vegetation, likely indicating seasonal water sources or fertile valleys. A prominent river or stream cuts through the darker green area, suggesting a key geographical feature supporting limited agriculture or settlement in an otherwise dry environment."
119513.png,synth,78,0,22,0,0,0,0,"The image depicts a landscape dominated by dense tree cover (78%) interspersed with areas of grass (22%), with a prominent river meandering through a valley. The valley floor is characterized by a mix of vegetation and a lighter, possibly exposed soil or sediment along the river channel.","The scene is dominated by dense tree cover (78%), forming a continuous, lush green canopy across most of the landscape, with patches of grass (22%) interspersed, particularly along winding waterways and in lower-lying areas.","The scene is primarily forested, with tree cover dominating the landscape at 78%, indicating a significant area of woodland or forest land use. Grass cover, at 22%, suggests some open or pasture areas, but does not override the dominant forested character.","This image depicts a heavily forested area with a meandering river flowing through a valley, suggesting a landscape dominated by vegetation and fluvial processes. The presence of a lighter-toned band along the river likely represents a floodplain or altered terrain.","This satellite image shows a rugged, forested mountainous region with a winding river carving through the terrain, bordered by a distinct, light-colored road or trail snaking along the ridgeline. The varied green tones indicate dense vegetation, while darker patches suggest forested valleys or shadowed slopes."
249608.png,synth,0,0,94,0,0,6,0,"The image depicts a landscape dominated by extensive grassland (94%), interspersed with areas of barren land (6%). Prominent, linear drainage features, likely riverbeds or channels, are visible throughout the terrain, suggesting a region with significant water flow and potentially arid or semi-arid conditions.","The scene is dominated by grassland, covering 94% of the area with a textured, earthy-brown appearance, while sparse, scattered barren patches make up the remaining 6%, suggesting a mostly vegetated but rugged or semi-arid terrain.","The scene is predominantly grassland, indicating open fields or natural pasture with minimal human development. A small portion is barren, suggesting sparse or exposed soil with little vegetation.","This image depicts a rugged, arid landscape likely consisting of desert or semi-arid terrain, characterized by extensive drainage networks and rocky outcrops. The dominant land use appears to be sparsely vegetated, with evidence of erosion and fluvial features shaping the terrain.","This remote sensing image depicts a rugged, arid mountainous region with sparse vegetation, characterized by steep, textured slopes and scattered patches of lighter-toned areas likely representing exposed rock, snow, or shallow water bodies. The terrain suggests a high-elevation, possibly alpine or semi-arid environment with minimal human development."
277931.png,synth,26,0,67,0,0,7,0,"The image depicts a mountainous region dominated by extensive grasslands (67%) interspersed with scattered tree cover (26%) and small areas of barren land (7%). The terrain shows significant erosion and drainage patterns, with a prominent river channel cutting through the landscape.","The scene depicts a rugged, mountainous terrain with a dominant grassland cover (67%) interspersed with patches of tree cover (26%) along ridges and valleys, and small areas of barren land (7%) exposed on steeper slopes.","The scene is predominantly grassland, with extensive coverage of grass (67%), indicating a natural or pasture-dominated landscape. Trees are present in smaller amounts (26%), and barren areas are minimal (7%).","This image depicts a mountainous region with extensive, heavily eroded slopes and gullies, suggesting a landscape with significant soil loss and limited vegetation cover. Sparse vegetation is present along the lower slopes, indicating a transition to potentially more productive land use higher up.","This satellite image shows a rugged, mountainous terrain with steep, eroded slopes and a complex network of valleys and ridges, indicating significant topographic relief and likely sparse vegetation cover."
169805.png,synth,0,0,8,91,0,1,0,"The image depicts a landscape dominated by cultivated crops (91%), interspersed with small patches of grass (8%). A network of linear features, likely roads or irrigation canals, cuts through the predominantly barren terrain (1%).","The scene is dominated by extensive crop fields (91%), interspersed with small patches of grass (8%) and sparse barren land (1%), suggesting a primarily agricultural landscape with a patchwork spatial layout.","The scene is predominantly agricultural, with 91% coverage of crops, indicating a large-scale farming area. Grass covers a small portion (8%), and barren land is minimal (1%).","This image depicts a heavily eroded, reddish-brown landscape likely composed of sedimentary rock, with a narrow, linear feature suggesting a drainage channel or road cutting through the terrain. The area appears to be sparsely vegetated, indicating a dry or arid environment with limited land use beyond potentially basic transportation.","This remote sensing image shows a dry, arid landscape dominated by reddish-brown earth, likely desert or semi-desert terrain, with a network of faint, light-colored linear features—possibly dry riverbeds or roads—that crisscross the scene, indicating sparse human or natural infrastructure."
197720.png,synth,0,0,65,2,0,33,0,"The image depicts a landscape dominated by extensive areas of grass (65%) interspersed with barren terrain (33%), with a small percentage of cultivated crops (2%). Linear drainage channels and rugged, rocky terrain are visible throughout the scene, suggesting a semi-arid environment.","The scene is dominated by barren land (33%) and grass (65%), with sparse crop areas (2%), suggesting a largely arid or semi-arid landscape where vegetation is patchy and agriculture is minimal.","The scene is predominantly grassland, covering 65% of the area, with minimal crop and sparse barren land. Grassland is the dominant land use.","This image depicts a rugged, arid landscape characterized by extensive rocky terrain and drainage channels, likely representing a desert or semi-arid region with limited vegetation cover. The presence of dark lines suggests riverbeds or ancient waterways cutting through the landscape.","This remote sensing image depicts a rugged, arid landscape dominated by rocky terrain and sparse vegetation, with a prominent canyon or gorge cutting through the center, suggesting a semi-desert or mountainous region with significant topographic relief."
48050.png,synth,0,0,6,88,0,6,0,"The image depicts a landscape dominated by cultivated crops (88%), interspersed with small areas of bare ground (6%) and a minimal amount of grass (6%). The scene exhibits a pattern of linear features, likely agricultural fields, suggesting a managed landscape.","The scene is dominated by extensive, patchwork crop fields (88%), interspersed with small areas of grass (6%) and barren land (6%), suggesting a highly agricultural landscape with organized farming patterns.","The scene is predominantly agricultural, with 88% of the area covered by crops, indicating a large-scale farming landscape. Grass covers a small portion, and barren areas are minimal.","This image depicts a heavily eroded, arid landscape with extensive gullies and ravines, likely indicative of a desert or semi-arid environment. The reddish-brown coloration suggests a soil rich in iron oxides, and the patterns suggest past or present agricultural activity, possibly abandoned due to the challenging terrain.","This remote sensing image shows a dry, arid landscape dominated by rugged, undulating terrain with sparse vegetation, likely a desert or semi-desert region. A prominent, winding linear feature—possibly a riverbed or road—cuts through the scene, contrasting with the surrounding barren, textured earth."
135297.png,synth,9,0,91,0,0,0,0,"The image depicts a landscape dominated by extensive grassland, with a small percentage of scattered trees. The overall color suggests a brownish-tan hue, likely due to soil or vegetation composition, and the ground truth indicates a high proportion of grass cover (91%) alongside a smaller area of trees (9%).","The scene is dominated by grass (91%), forming a textured, mottled landscape with subtle variations in tone, while tree cover (9%) is sparse and interspersed, likely appearing as darker, more defined patches within the grassy expanse.","The scene is predominantly grassland, with only a small amount of tree cover, indicating an open, natural or agricultural landscape with minimal forested areas.","The image depicts a heavily weathered, rocky landscape with a predominantly barren surface, likely indicative of an area with limited vegetation and potentially exposed bedrock. The undulating terrain suggests a region of significant geological uplift and erosion.","This remote sensing image depicts a rugged, arid landscape dominated by exposed bedrock and sparse, low-lying vegetation, characteristic of a desert or semi-desert environment with minimal human development. The complex, interlocking patterns of brown and gray tones suggest a terrain shaped by tectonic activity and erosion, possibly featuring ancient riverbeds or fault lines."
142776.png,synth,2,0,11,85,2,0,0,"The image depicts a predominantly agricultural landscape dominated by cultivated crops (85%), with scattered patches of grass (11%) and a small area of built-up structures (2%). A limited amount of tree cover (2%) is present along roads and within the built-up area.","The scene is dominated by vast, patchwork agricultural fields (85% crop), interspersed with small areas of grassland and sparse tree cover, with a few scattered built-up areas indicating minor human settlement.","The scene is predominantly agricultural, with 85% covered by crops, indicating a large-scale farming area. Small areas of grass and trees, along with minimal built-up land, suggest limited natural vegetation and human infrastructure.","The image depicts a rural landscape dominated by agricultural fields, with a small settlement and associated infrastructure clustered near a road and a reflective body of water. The area appears to be characterized by a patchwork of cultivated land and a network of roads cutting through the terrain.","This satellite image shows a patchwork of agricultural fields in a rural landscape, with a small cluster of buildings and a prominent white structure, likely a farm or processing facility, situated near a road. The terrain is relatively flat, with subtle variations in soil color and texture indicating different crop types or soil conditions."
173754.png,synth,0,0,91,0,0,9,0,"The image depicts a landscape dominated by extensive grassland (91%), interspersed with areas of barren land (9%). The terrain appears to be undulating and hilly, with visible ridges and valleys suggesting a relatively rugged, possibly mountainous, region.","The scene is predominantly covered by grass, forming a continuous, textured expanse across the landscape, with scattered barren patches visible as lighter, more rugged areas, suggesting a mostly vegetated terrain with minor exposed or degraded surfaces.","The scene is predominantly grassland, indicating open fields or natural pasture with minimal human development. Barren areas represent small patches of exposed soil or rock, likely due to erosion or sparse vegetation.","The image depicts a heavily eroded, arid landscape characterized by extensive ravines and canyons, likely in a desert or semi-arid region with sparse vegetation. A narrow road or track is visible winding through the terrain, suggesting some level of human activity and access within this challenging environment.","This remote sensing image depicts a rugged, arid landscape dominated by mountainous terrain with varied brown and tan hues, suggesting sparse vegetation and rocky outcrops. A small, bright patch near the center-right likely indicates a water body or reflective surface, contrasting with the otherwise dry, undulating topography."
158545.png,synth,1,0,86,9,0,4,0,"The image depicts a landscape dominated by extensive grasslands (86%) interspersed with areas of cultivated crops (9%) and sparse barren land (4%). A linear feature, likely a road or river, runs through the lower portion of the image, cutting through the undulating terrain characterized by reddish-brown soil and subtle topographic variations.","The scene depicts a predominantly grass-covered landscape (86%) with scattered crop fields (9%) and patches of barren land (4%), interspersed with sparse tree cover (1%) along ridges and valleys, suggesting a semi-arid, rural terrain with limited agricultural intensification.","The scene is predominantly covered by grass, indicating a large area of natural or managed pasture. Small patches of crop and tree cover, along with a minor barren area, suggest limited agricultural or urban development.","This image depicts a heavily eroded, arid landscape with extensive ravines and mesas, likely in a desert or semi-arid region. A narrow river or drainage channel winds through the terrain, suggesting limited vegetation and primarily rocky or sandy land use.","This satellite image shows a rugged, arid mountainous region with sparse vegetation, characterized by winding river valleys and terraced agricultural areas, likely in a semi-arid or Mediterranean climate zone."
189282.png,synth,11,28,57,0,0,4,0,"The image depicts a landscape dominated by extensive grasslands (57%), with scattered shrub cover (28%) and a small amount of tree cover (11%). Visible terrain features include undulating hills and valleys, with a small area of barren land (4%) present within the broader grassy expanse.","The scene depicts a predominantly grass-covered landscape (57%), interspersed with significant shrub areas (28%) and smaller patches of trees (11%), with barren land making up the remaining 4%, suggesting a semi-arid or transitional ecosystem.","The scene is dominated by grass cover, indicating a predominantly open, vegetated landscape such as a pasture or meadow. Small areas of shrub and tree cover, along with minimal barren land, suggest a relatively low-impact, natural or managed grassland ecosystem.","This image depicts a heavily eroded, arid landscape likely composed of desert or semi-desert terrain, characterized by extensive ravines and ridges formed by wind and water erosion. The dominant color suggests a soil rich in iron oxides, common in these types of environments.","This satellite image shows a rugged, arid landscape dominated by dry, brown terrain with scattered patches of darker vegetation, likely indicating sparse desert or semi-desert land use. Faint linear features suggest the presence of dry riverbeds or seasonal watercourses cutting through the otherwise barren, undulating topography."
1990.png,synth,0,0,1,98,1,0,0,"The image depicts a landscape dominated by agricultural fields (98%), with a small built-up area (1%) and a minimal amount of grass (1%). A linear feature, likely a road or irrigation channel, bisects the agricultural area, suggesting a pattern of cultivated land.","The scene is dominated by vast, uniformly cultivated crop fields (98%), arranged in a patchwork pattern across the landscape, with small, scattered built-up areas (1%) and minimal grass cover (1%) visible as minor interruptions.","The scene is predominantly agricultural, with 98% of the area covered by crops, indicating a large-scale farming landscape. Grass covers a negligible 1% and built-up areas account for just 1%, suggesting minimal urban development.","The image depicts a landscape dominated by agricultural fields, likely cultivated for crops, alongside a small settlement and a prominent, linear geological feature resembling a canyon or fault line. The reddish-brown terrain suggests a dry, arid environment with limited vegetation cover.","This satellite image shows an arid or semi-arid agricultural landscape, characterized by a patchwork of brown fields and scattered green vegetation, with a small settlement and intersecting roads visible in the lower-left quadrant."
10279.png,synth,96,0,4,0,0,0,0,"The image depicts a heavily forested landscape dominated by trees (96%), with a small area of grass (4%). A meandering river or stream is visible winding through the terrain, and there are some darker patches suggesting areas of exposed soil or possibly wetlands.","The scene is predominantly forested, with tree cover dominating 96% of the area in a patchy, undulating landscape interspersed with small water bodies and sparse grassy areas. The spatial layout reveals a rugged terrain with dense vegetation covering most of the land, suggesting a natural, largely undeveloped environment.","The scene is dominated by tree cover, indicating a forested or wooded land use. Grass covers a small portion, suggesting sparse or secondary vegetation.","This image depicts a mountainous region dominated by dense, green forest cover, with evidence of agricultural land use in patches and a meandering river system carving through the terrain. The varied terrain suggests a landscape with significant topographic variation and potential for fluvial erosion.","This satellite image shows a rugged, mountainous terrain with varied vegetation, featuring patches of dense green forest interspersed with brownish areas likely indicating agricultural land or seasonal dryness. Several winding roads and small water bodies are visible, suggesting human activity and settlement in a remote, hilly region."
262163.png,synth,1,0,68,26,4,1,0,"The image depicts a landscape dominated by agricultural fields (26%) and grassland (68%), with a prominent river channel running through the center and a small area of built-up land (4%) near the top. Sparse tree cover (1%) and barren land (1%) are present, primarily along the edges of the agricultural areas.","The scene depicts a predominantly grassland landscape (68%) interspersed with extensive crop fields (26%), forming a patchwork pattern along winding roads and ridges, with sparse built-up areas (4%) and minor barren patches (1%) scattered across the terrain.","The scene is predominantly covered by grass (68%), indicating a large open, natural or pastureland area, with minor contributions from crops, built-up areas, and sparse barren land.","The image depicts a semi-arid landscape with cultivated fields and a meandering river valley, suggesting agricultural activity in a relatively flat, hilly region. A road and a small settlement are visible along the valley floor, indicating human presence and transportation routes.","This satellite image shows a rural landscape dominated by dry, brown terrain with scattered green agricultural fields and a prominent linear feature—likely a road or railway—cutting through the area. A small cluster of buildings in the upper right suggests a village or settlement, while the overall topography appears hilly or undulating."
154348.png,synth,5,0,57,35,1,2,0,"The image depicts a landscape dominated by agricultural land, primarily consisting of crops (35%) and grass (57%), interspersed with scattered trees (5%). A small area of built-up land (1%) and barren ground (2%) is present, alongside a network of roads and visible terrain features suggesting a hilly or mountainous region.","The scene depicts a predominantly agricultural landscape, with large, geometric crop fields dominating the central and lower regions, interspersed with patches of grassland and sparse tree cover. Built-up areas are minimal and scattered, while barren land forms the rugged, hilly periphery.","The scene is predominantly covered by grass (57%), indicating a large area of natural or managed pasture. Crop (35%) and tree (5%) cover significant but smaller portions, with minimal built-up and barren areas.","The image depicts a landscape characterized by terraced agricultural fields, likely for irrigation, situated within a rugged, hilly terrain with prominent drainage channels. A network of roads and smaller paths suggests a developed area supporting the agricultural activity.","This satellite image shows a patchwork of agricultural fields in a semi-arid or Mediterranean landscape, characterized by geometric crop plots, scattered trees, and winding roads, with a prominent river or stream cutting through the terrain."
240132.png,synth,0,0,66,0,0,34,0,"The image depicts a landscape dominated by extensive grassland (66%) interspersed with barren areas (34%), exhibiting a complex terrain with undulating hills and ridges. The lighter areas likely represent snow or exposed rock, contrasting with the darker, vegetated regions.","The scene shows a patchwork of dark, textured grassland interspersed with lighter, reflective barren areas, suggesting a landscape where vegetation is fragmented by exposed or dry ground. Dominated by grass (66%), the area likely represents a semi-arid or transitional zone with significant bare soil or rock outcrops.","The scene is predominantly grass-covered, indicating a well-established natural or managed grassland area, with a smaller portion of barren land suggesting sparse or exposed terrain.","This image depicts a rugged, mountainous landscape with significant areas of exposed rock and sparse vegetation, likely a high-altitude region with limited agricultural land use. The presence of snow and ice suggests a cold climate and potentially glacial features within the terrain.","This remote sensing image depicts a rugged, high-altitude landscape dominated by dark, rocky terrain interspersed with patches of snow or ice, suggesting a mountainous or polar environment with minimal vegetation or human development."
54308.png,synth,5,1,86,0,6,2,0,"The image depicts a landscape dominated by extensive grassland (86%), with a prominent grey road cutting through the terrain alongside a small area of built-up land (6%). Sparse tree cover (5%) and shrubbery (1%) are interspersed within the grassland, while small patches of barren land (2%) are also visible.","The scene depicts a predominantly grass-covered landscape (86%), interspersed with patches of tree cover (5%) and shrubs (1%), with built-up areas (6%) and barren land (2%) scattered throughout, suggesting a rural or semi-arid region with limited urban development and agricultural activity.","The scene is predominantly covered by grass (86%), indicating an open, grassy landscape such as a pasture, meadow, or natural grassland. Small areas of built-up and tree cover suggest limited human development or scattered vegetation.","The image depicts a dry, arid landscape with extensive fields and scattered small structures, likely representing agricultural land use. A prominent, linear feature – a road or canal – cuts through the terrain, suggesting an attempt to manage water resources in this otherwise barren environment.","This satellite image shows a dry, arid landscape dominated by patchwork agricultural fields and sparse vegetation, with a prominent river or canal cutting through the terrain, suggesting irrigation-dependent farming in a semi-desert environment."
112091.png,synth,0,0,26,57,0,17,0,"The image depicts a landscape dominated by cultivated crops (57%) interspersed with areas of sparse grass (26%) and barren land (17%), with a prominent linear feature – a road – cutting across the terrain. The area appears to be characterized by rugged, hilly topography.","The scene depicts a predominantly agricultural landscape, with crop fields dominating the terrain (57%), interspersed with patches of grass (26%) and barren land (17%), suggesting a mix of active farming and natural or fallow areas across rolling, arid hills.","The scene is predominantly agricultural, with crop coverage accounting for 57% of the area, indicating a major focus on cultivated land. Grass covers a significant secondary portion (26%), suggesting some pasture or natural grassland, while 17% is barren or non-vegetated land.","The image depicts a rugged, arid landscape with extensive rocky terrain and evidence of past erosion, likely a desert environment. A road winds through the area, suggesting some level of human activity and potentially resource extraction or access within this challenging terrain.","This satellite image shows a rugged, arid landscape with terraced agricultural fields carved into rolling hills, intersected by a winding road and a prominent linear feature—likely a riverbed or ancient irrigation channel—highlighting human adaptation to a dry environment."
19585.png,synth,38,0,59,0,0,3,0,"The image depicts a landscape dominated by grass (59%) interspersed with areas of tree cover (38%), with a small proportion of barren land (3%). A meandering river channel is visible throughout the scene, cutting through the terrain and suggesting a fluvial environment.","The scene is dominated by grasslands (59%), interspersed with patches of tree cover (38%) and small areas of barren land (3%), forming a patchwork landscape with winding linear features likely representing roads or waterways.","The scene is predominantly grassland, with grass covering 59% of the area, indicating a natural or agricultural pasture landscape. Trees make up a smaller portion (38%), suggesting scattered vegetation, while barren areas are minimal (3%).","The image depicts a mountainous region with a significant river system cutting through forested areas and a lighter-toned, possibly arid, area along the riverbanks. The landscape appears to be characterized by a mix of vegetation and potentially exposed rock or soil, suggesting varied land use and geological features.","This satellite image shows a rugged, mountainous terrain with patchy vegetation and scattered settlements, intersected by prominent light-colored riverbeds or dry river channels, indicating an arid or semi-arid environment with limited water resources."
154985.png,synth,78,0,22,0,0,0,0,"The image depicts a mountainous region dominated by dense tree cover (78%) interspersed with areas of grass (22%), with a prominent river channel winding through the landscape. The terrain appears rugged and hilly, exhibiting evidence of erosion and potentially disturbed areas along the riverbanks.","The scene is dominated by dense tree cover (78%), forming a continuous, dark green canopy across most of the terrain, with patches of lighter-toned grassland (22%) interspersed, particularly along ridges and in valleys, suggesting a forested landscape with some open or transitional areas.","The scene is predominantly forested, with tree cover making up 78% of the land use, indicating a wooded or natural forested landscape. Grass coverage, at 22%, suggests some open areas or understory vegetation, but does not dominate the land use.","This image depicts a mountainous region with dense forest cover interspersed with areas of exposed soil and erosion, likely due to recent disturbance or runoff. A prominent river channel cuts through the landscape, suggesting a significant drainage system and potentially impacting the surrounding land use.","This satellite image shows a rugged, mountainous terrain with dense forest cover in the valleys and slopes, interspersed with lighter-toned areas indicating exposed rock, soil, or sparse vegetation. A winding river or stream cuts through the landscape, carving a distinct path through the terrain."
6025.png,synth,0,0,61,39,0,0,0,"The image depicts a landscape dominated by grass (61%) interspersed with cultivated crops (39%), exhibiting a highly textured, undulating terrain with significant erosion patterns. The overall color suggests a reddish-brown soil, likely indicative of a dry or semi-arid environment.","The scene is dominated by grassland, covering 61% of the area, with crop fields making up the remaining 39% — suggesting a mixed agricultural landscape where grassy terrain intersperses with cultivated plots.","The scene is predominantly grassland, with grass covering 61% of the area, indicating a large expanse of natural or managed pastureland. Crop land, at 39%, is a secondary land use, suggesting some agricultural activity but not the dominant feature.","This image depicts a heavily eroded, arid landscape with extensive exposed bedrock and soil, likely a desert or semi-arid region characterized by significant land degradation and limited vegetation cover. The dominant color and texture suggest a surface composed of reddish-brown rock and sediment, indicative of a geologically active area.","This remote sensing image depicts a rugged, arid landscape dominated by exposed bedrock and sparse vegetation, characteristic of a desert or semi-desert region with minimal human development. The terrain features undulating, rocky outcrops and subtle drainage patterns, suggesting a dry, erosional environment with limited water availability."
210867.png,synth,0,0,96,1,0,3,0,"The image depicts a predominantly grassy landscape with scattered patches of cultivated crops and barren land, situated within a region characterized by a network of drainage channels and linear geological features. A small cluster of buildings is visible in the lower-right corner.","The scene is dominated by vast expanses of grassland, with small, scattered patches of crop fields and barren land interspersed, suggesting a rural landscape with limited agricultural activity.","The scene is predominantly grassland, with over 96% coverage indicating a large area of natural or managed pasture. Crop and barren areas are minimal, suggesting limited agricultural activity or soil exposure.","This image depicts a dry, arid landscape characterized by extensive drainage channels and scattered patches of cultivated fields, suggesting an area of limited agricultural activity in a predominantly desert environment. A small cluster of buildings is visible near the lower right, indicating a potential settlement within this harsh terrain.","This satellite image shows an arid, sparsely vegetated landscape dominated by dry, brown terrain with faint linear features suggesting erosion or ancient riverbeds. A small cluster of buildings in the lower right indicates a rural settlement, while darker patches likely represent irrigated agricultural fields or wetlands within the otherwise barren environment."
212437.png,synth,0,0,40,58,1,1,0,"The image depicts a landscape dominated by cultivated crops (58%) interspersed with areas of grass (40%), with a small built-up area (1%) and minimal barren land (1%). A network of roads and field boundaries are visible, suggesting an agricultural region with cultivated fields.","The scene is dominated by extensive crop fields (58%) interspersed with grassland (40%), forming a patchwork rural landscape, with minimal built-up areas (1%) and barren land (1%) scattered sparsely.","The scene is predominantly agricultural, with cropland covering 58% of the area, indicating a rural or farming-dominated landscape. Grasslands make up a significant secondary component at 40%, suggesting some pasture or natural vegetation within or adjacent to the farmland.","This image depicts a small settlement surrounded by agricultural fields, likely cultivated in a relatively arid or semi-arid environment due to the brown, barren terrain. The area features a network of roads and irrigation channels, suggesting a focus on farming and water management in this landscape.","This satellite image shows a rural landscape dominated by patchwork agricultural fields in varying shades of brown and green, interspersed with winding dirt roads and a small cluster of buildings indicating a farmstead or village. The terrain is undulating, suggesting rolling hills or low mountains, with the land use clearly focused on cultivation."
12232.png,synth,2,0,96,0,0,2,0,"The image depicts a mountainous region dominated by extensive grasslands (96%) interspersed with a narrow, vegetated river channel and scattered barren areas (2%). A small amount of sparse tree cover (2%) is present along the riverbank.","The scene depicts a predominantly grass-covered landscape (96%) with sparse tree cover (2%) and minor barren areas (2%), arranged in a rugged, hilly terrain with a winding river cutting through the valley, suggesting a semi-arid or steppe environment.","The scene is predominantly covered by grass, indicating an open, natural pasture or meadow with minimal tree cover and little to no barren land.","The image depicts a rugged, arid landscape with extensive dry grasslands and sparse vegetation concentrated along a river channel, suggesting a semi-arid or desert environment with limited agricultural potential. The terrain is characterized by steep slopes and dissected valleys, indicative of significant erosion and geological activity.","This satellite image shows a rugged, arid mountainous region with a winding river carving through the terrain, supporting a narrow band of green vegetation along its course, indicative of limited water resources in an otherwise dry landscape."
105439.png,synth,1,0,99,0,0,0,0,"The image depicts a landscape dominated by extensive grasslands (99%) with subtle topographic features, including linear ridges and valleys, suggesting a gently undulating terrain. A small amount of sparse tree cover (1%) is present within the grassy areas.","The scene is dominated by sparse tree cover (1%) interspersed within a vast expanse of grassland (99%), suggesting a lightly vegetated, possibly arid or semi-arid landscape with scattered trees. The spatial layout shows a predominantly uniform grassy terrain with isolated patches of trees, likely indicating natural or lightly managed land use.","The scene is dominated by grass cover, indicating an open, likely natural or agricultural landscape with minimal tree cover.","This image depicts a rugged, arid landscape with extensive gullies and drainage channels, suggesting a region of significant erosion and likely sparse vegetation cover. The dominant terrain appears to be a heavily weathered, reddish-brown rocky surface, possibly a desert or semi-arid environment.","This satellite image shows a rugged, arid mountainous region with sparse vegetation, dominated by brown and tan tones indicating dry terrain. A small cluster of light-colored structures, likely a village or settlement, is nestled in a valley, with faint linear features suggesting roads or irrigation channels."
141809.png,synth,91,0,9,0,0,0,0,"The image depicts a heavily forested mountainous region dominated by trees (91%), with scattered patches of grass (9%). Several light-colored, meandering water channels are visible throughout the landscape, suggesting drainage patterns within the forested terrain.","The scene is dominated by dense tree cover (91%), forming a continuous, undulating green canopy across rolling terrain, with sparse grassy patches (9%) visible in linear or fragmented patterns, likely along ridges or cleared areas.","The scene is predominantly forested, with tree cover accounting for 91% of the land use, indicating a dense woodland or forested area. Grass cover, at 9%, suggests limited open or pasture areas within the overall landscape.","This image depicts a mountainous region dominated by dense, green forest cover, interspersed with meandering river systems and exposed, lighter-toned terrain likely representing eroded slopes or exposed bedrock. The landscape suggests a region with significant fluvial (river) activity and a predominantly forested, hilly environment.","This satellite image shows a rugged, mountainous terrain dominated by dense green forest cover, with winding rivers and streams carving through the valleys. Lighter-toned patches indicate areas of cleared land or agricultural use, interspersed with darker zones that may represent wetlands or dense vegetation."
105485.png,synth,0,0,7,93,0,0,0,"The image depicts a landscape dominated by cultivated crops (93%), interspersed with small patches of grass (7%). A network of roads and a cluster of buildings are visible within the agricultural area, suggesting an area of intensive farming.","The scene is dominated by agricultural cropland (93%), arranged in a patchwork of rectangular fields with varying shades indicating different crop types or growth stages, interspersed with small areas of grass (7%) along field edges or in depressions.","The scene is predominantly agricultural, with 93% of the area covered by crops, indicating a large-scale farming operation. Grass makes up a small fraction (7%), suggesting limited natural pasture or buffer zones.","The image depicts a rural landscape dominated by agricultural fields, likely farmland, intersected by a network of roads and a small settlement. The terrain appears gently undulating with some areas of exposed soil and a small, light-colored feature possibly a water body or building.","This satellite image shows a patchwork of agricultural fields in varying shades of green and brown, indicating different crops or soil types, interspersed with a winding river or stream and a small cluster of buildings, likely a rural settlement."
69363.png,synth,0,0,92,6,0,2,0,"The image depicts a landscape dominated by extensive grassland (92%), with a small area of cultivated crops (6%) interspersed among it. A small portion of the area appears barren (2%), suggesting a varied terrain with potential for some level of agricultural activity.","The scene is dominated by expansive grasslands covering 92% of the area, with scattered, small patches of crop fields and minor barren zones, suggesting a rural landscape where natural vegetation is the primary land cover.","The scene is predominantly covered by grass, indicating a large area of natural or managed pastureland. A small portion is used for crops, with minimal barren land.","The image depicts a heavily eroded, arid landscape likely consisting of desert or semi-desert terrain, characterized by extensive gullies and exposed rock formations. The dominant land use appears to be bare ground with minimal vegetation cover.","This remote sensing image shows a rugged, arid landscape dominated by dry, brown terrain with a winding river or stream cutting through it, likely in a desert or semi-arid region. The river’s course is clearly defined, carving a path through the otherwise barren and textured land."
74017.png,synth,8,0,28,57,6,1,0,"The image depicts a landscape dominated by cultivated crops (57%), interspersed with areas of grass (28%) and scattered trees (8%). A small built-up area (6%) is located along a network of roads, with a small percentage of barren land (1%) visible in the background.","The scene is dominated by extensive crop fields (57%), interspersed with patches of grass (28%) and small built-up areas (6%), suggesting a rural agricultural landscape with scattered settlements. Sparse tree cover (8%) and barren land (1%) are visible, particularly in the background hills, indicating a semi-arid or transitional environment.","The scene is predominantly agricultural, with crop cover accounting for 57% of the area, indicating a large-scale farming landscape. Small areas of grass and built-up land are present, while tree and barren land are minimal.","The image depicts a region characterized by extensive agricultural land use, divided into numerous small, rectangular fields, alongside a small settlement and a network of roads cutting through a relatively flat, arid landscape with some elevated terrain in the background. The terrain suggests a semi-arid or dry environment.","This satellite image shows a patchwork of agricultural fields in varying shades of brown and green, interspersed with small settlements and roads, set against a backdrop of arid, hilly terrain. The landscape suggests a semi-arid region where farming is concentrated in flatter, more fertile areas, with the surrounding hills indicating limited arable land."
0994.png,synth,14,0,86,0,0,0,0,"The image depicts a landscape dominated by extensive grassland (86%) interspersed with scattered trees (14%), situated within a terrain characterized by significant erosion and drainage patterns. The presence of these drainage features suggests a semi-arid or arid environment with a relatively low tree cover.","The scene is dominated by grassland, covering 86% of the area, with scattered tree cover making up the remaining 14%, suggesting a predominantly open, vegetated landscape with sparse woodland patches.","The scene is predominantly grassland, indicating open, natural vegetation coverage with minimal tree cover. This suggests a rural or natural landscape with limited forested areas.","This image depicts a heavily eroded, arid landscape likely in a desert or semi-arid region, characterized by extensive gullies and ravines carved into reddish-brown terrain. A narrow, dark green strip suggests a river or drainage channel cutting through the otherwise barren land.","This satellite image shows a rugged, mountainous terrain with patchy vegetation and exposed earth, likely indicating a semi-arid or high-altitude region with limited human development. A winding river or stream cuts through the landscape, creating a distinct linear feature amidst the undulating topography."
111300.png,synth,0,0,4,93,0,0,3,"The image depicts a landscape dominated by extensive agricultural fields (93%) interspersed with a narrow river channel (3%) and a small area of grass (4%). The terrain appears relatively flat with distinct, rectangular patterns indicative of cultivated land.","The scene is dominated by vast, geometric crop fields (93%), arranged in a patchwork pattern across the landscape, with narrow, dark linear features likely representing waterways or irrigation channels. Small areas of grass (4%) and water (3%) are interspersed, suggesting a managed agricultural environment with limited natural vegetation and water bodies.","The scene is predominantly agricultural, with 93% coverage of crops, indicating a large-scale farming landscape. Grass covers a small portion (4%), and water accounts for only 3%, suggesting minimal natural vegetation or water bodies.","This image depicts a region with a patchwork of agricultural fields (likely cultivated in shades of brown) interspersed with a prominent, dark river channel and a rugged, rocky terrain with distinct cliffs and ridges. The overall landscape appears arid and characterized by significant topographic variation.","This remote sensing image shows a semi-arid or arid landscape dominated by patchy agricultural fields in varying shades of brown and tan, interspersed with darker green vegetated areas and a prominent, winding river or irrigation canal that cuts through the terrain, indicating human-modified land use for agriculture in a dry environment."
16438.png,synth,93,0,7,0,0,0,0,"The image depicts a mountainous region dominated by dense forest cover (93%) interspersed with patches of grassland (7%). A meandering river flows through the valley, cutting through the forested terrain and highlighting areas of exposed soil and potential disturbance.","The scene is dominated by dense tree cover (93%), forming a continuous, forested landscape with winding roads or trails cutting through the terrain. Small patches of grass (7%) are scattered, likely along edges or in cleared areas, indicating minimal human development within the predominantly natural, wooded environment.","The scene is predominantly forested, with tree cover accounting for 93% of the land use, indicating a dense woodland or forested area. Grass coverage is minimal at 7%, suggesting sparse or secondary vegetation.","This image depicts a mountainous region dominated by dense forest cover, with evidence of past or present logging activity indicated by cleared areas and roads. A meandering river flows through the valley, carving through the terrain and highlighting the complex topography.","This satellite image shows a rugged, forested mountainous region with winding roads and a prominent river valley, featuring a small settlement or cluster of buildings nestled in the lower right, indicative of human habitation in a remote, natural landscape."
185740.png,synth,0,0,13,80,6,1,0,"The image depicts a landscape dominated by cultivated crops (80%), interspersed with areas of grass (13%) and a small built-up area (6%). A linear feature, likely a road or irrigation channel, bisects the agricultural fields, with a small barren area visible in the lower-left corner.","The scene is dominated by vast, geometrically patterned crop fields (80%), interspersed with small built-up areas (6%) and sparse patches of grass (13%), with barren land (1%) appearing as minor, fragmented patches, suggesting a primarily agricultural landscape with limited urban development.","The scene is predominantly agricultural, with 80% of the area covered by crops, indicating a large-scale farming landscape. Grass covers a small portion, and built-up and barren areas are minimal.","The image depicts a landscape dominated by agricultural fields, likely cultivated for crops, separated by a prominent, linear geological feature – possibly a fault or river valley – that bisects the area. The presence of roads and a small settlement suggests human activity and infrastructure within the agricultural zone.","This satellite image shows a rural landscape dominated by agricultural fields in varying shades of brown, indicating dry or fallow farmland, with a small cluster of buildings suggesting a village or farmstead. A prominent road or linear feature cuts through the scene, and a small, dark green patch likely represents a remnant of vegetation or a wetland."
44432.png,synth,61,0,38,0,1,0,0,"The image depicts a landscape dominated by dense tree cover (61%) interspersed with areas of grass (38%), with a small area of built-up land (1%) visible along the top edge. The terrain appears hilly and heavily forested, suggesting a mountainous or hilly region.","The scene is dominated by dense tree cover (61%) interspersed with grasslands (38%), forming a largely natural, forested landscape with minimal human development. A small built-up area (1%) is visible in the upper right, indicating sparse urbanization.","The scene is predominantly forested, with trees covering 61% of the area, indicating a heavily wooded landscape. Grass covers a significant secondary portion, suggesting natural or agricultural open spaces, while built-up areas are minimal.","The image depicts a mountainous region dominated by dense forest cover, interspersed with a network of roads and a small settlement at the top. The terrain shows significant erosion and drainage patterns, suggesting a landscape shaped by water and possibly past geological activity.","This satellite image shows a hilly, forested landscape with patchwork agricultural fields and winding roads, featuring a small cluster of buildings in the upper right corner, indicative of rural land use in a mountainous region."
135279.png,synth,54,0,31,14,1,0,0,"The image depicts a landscape dominated by dense tree cover (54%) and extensive grassy areas (31%), interspersed with cultivated crops (14%). A small built-up area (1%) is located near a road and a bridge, suggesting a connection to a settlement alongside a waterway.","The scene features a large, centrally located water body surrounded by a patchwork of agricultural fields (dominant crop and grassland) and dense tree cover along the periphery and in some inland areas, with a small built-up area visible near the bottom right.","The scene is primarily forested, with trees covering 54% of the area, making it the dominant land use. Grasslands occupy a significant secondary portion at 31%, while crops and built-up areas are minor.","This image depicts a coastal area with a large, dark body of water likely a lagoon or bay, surrounded by forested land and a small settlement. The area shows a mix of wetland and forested land use, with a road and bridge connecting the land to a coastal area.","This satellite image shows a rural landscape dominated by agricultural fields in varying shades of green and brown, surrounding a large, irregularly shaped body of water. A small settlement with clustered buildings is visible near the water’s edge, with a road connecting it to the surrounding farmland."
250352.png,synth,92,0,8,0,0,0,0,"The image depicts a heavily forested mountainous region dominated by trees (92%), with a smaller area of grass (8%). A winding road and a stream are visible traversing the terrain, suggesting a landscape with significant elevation changes and potential for transportation corridors.","The scene is dominated by dense tree cover (92%), forming a continuous, undulating green landscape across rolling hills and valleys, with sparse grassy patches (8%) visible in scattered, linear, or transitional areas, suggesting a largely forested terrain with minimal open grassland.","The scene is primarily forested, with tree cover dominating the landscape (92%), indicating a significant area of natural woodland or forest land use. Grass cover (8%) is minimal, suggesting sparse or secondary vegetation.","The image depicts a heavily forested mountainous region with a meandering river cutting through the landscape, suggesting significant areas of natural vegetation and potentially some road networks within the terrain. The varied shades of green indicate different vegetation densities and possibly varying soil moisture levels.","This satellite image shows a rugged, forested mountainous region with dense green vegetation, interspersed with lighter brown patches indicating cleared land or seasonal variation, and winding roads or trails cutting through the terrain."
12723.png,synth,0,0,10,88,0,2,0,"The image depicts a landscape dominated by agricultural fields (88%) interspersed with small patches of grass (10%). A small area of barren land (2%) is visible, and a linear feature, likely a road or drainage channel, runs across the lower portion of the scene.","The scene is dominated by extensive, patchwork crop fields (88%), interspersed with small areas of grass (10%) and barren land (2%), suggesting an agricultural landscape with a clear spatial pattern of cultivated plots.","The scene is predominantly agricultural, with 88% of the area covered by crops, indicating a large-scale farming landscape. Grass covers a small portion (10%), and 2% is barren land.","This image depicts a semi-arid landscape with extensive cultivated fields interspersed with patches of scrub vegetation, likely used for grazing. A prominent, eroded mesa dominates the center of the scene, suggesting a region with significant geological uplift and weathering.","This satellite image shows a semi-arid or arid landscape dominated by patchy agricultural fields and sparse vegetation, with a winding river or stream cutting through the terrain and a straight road running along the lower edge."
61623.png,synth,0,0,12,88,0,0,0,"The image depicts a landscape dominated by agricultural fields (88%) interspersed with small patches of grass (12%), alongside a road and layered rock formations suggesting a hilly or mountainous terrain.","The scene is dominated by extensive, patchwork crop fields (88%) arranged in irregular geometric patterns across the landscape, interspersed with smaller areas of grass (12%) that appear as darker, more irregular patches, suggesting a mixed agricultural and natural land cover.","The scene is predominantly agricultural, with 88% coverage of crops, indicating a large-scale farming area. Grass covers only a small portion (12%), suggesting limited natural pasture or non-crop vegetation.","This image depicts a rugged, arid landscape characterized by layered sedimentary rock formations, likely in a canyon or mesa environment. A narrow road winds through the terrain, suggesting potential resource extraction or access to the area.","This remote sensing image depicts a rugged, arid landscape dominated by dry, earth-toned terrain with visible erosion patterns and sparse vegetation, characteristic of a semi-desert or badlands region. A winding road cuts through the scene, suggesting human access in an otherwise remote and sparsely developed area."
188028.png,synth,43,0,38,0,0,1,18,"The image depicts a coastal region dominated by extensive tree cover (43%) and grassland (38%), with a narrow strip of water (18%) along the shoreline. A small area of barren land (1%) is visible near the coastline, suggesting a transition zone between the vegetated areas and the sea.","The scene features a large body of water (18%) bordering a predominantly vegetated landmass, where tree cover (43%) dominates over grass (38%), with sparse barren areas (1%) and a rugged, textured terrain suggesting varied topography and mixed forest-grassland use.","The scene is primarily wooded, with trees covering 43% of the area, making it the dominant land use, followed by grassland.","The image depicts a coastal region with dense, green vegetation covering a mountainous inland area, which slopes down to a narrow strip of land meeting a dark blue sea. The terrain shows evidence of river valleys and coastal cliffs.","This satellite image shows a rugged, mountainous coastal region with dense green forests on the slopes and a deep, dark fjord cutting inland, indicating a glacially carved landscape with steep terrain and significant water bodies."
247567.png,synth,21,0,57,17,2,3,0,"The image depicts a landscape dominated by extensive grassland (57%) interspersed with scattered tree cover (21%) and agricultural fields (17%), while a small built-up area (2%) and barren patches (3%) are present. A prominent linear feature, likely a road or river, cuts through the terrain, contributing to the complex network of drainage patterns visible across the area.","The scene depicts a predominantly rural landscape dominated by grasslands (57%) interspersed with patches of tree cover (21%) and cultivated crops (17%), with a small built-up area and barren land scattered throughout. A winding river cuts through the terrain, defining a natural corridor that separates and connects different land use zones.","The scene is predominantly grassland, covering 57% of the area, with significant tree cover at 21%, making it the dominant land use. Crop and built-up areas are minor components, with barren land accounting for a small portion.","The image depicts a landscape characterized by extensive agricultural fields, interspersed with patches of forested areas and a meandering river system. A prominent road or track cuts through the terrain, suggesting transportation routes and potentially connecting settlements within the region.","This satellite image shows a river valley with a winding waterway cutting through a predominantly agricultural landscape, characterized by patchwork fields and scattered settlements, with darker green areas indicating forested or vegetated zones along the riverbanks and in the surrounding hills."
95180.png,synth,3,17,3,0,0,2,75,"The image depicts a coastal island dominated by a large expanse of water (75%), with a rocky shoreline and a small area of sparse vegetation consisting primarily of shrubs (17%) and barren land (2%). A small patch of grass (3%) is visible on the island’s southern tip, alongside a few scattered trees (3%).","The scene depicts a coastal region dominated by a vast expanse of water (75%), with a narrow, vegetated landmass along the coast featuring sparse tree and shrub cover, and small, isolated land patches in the water.","The scene is predominantly water, covering 75% of the area, with significant coverage of shrubland (17%) and minimal vegetation and barren land. This indicates a wetland or coastal environment with sparse terrestrial vegetation.","The image depicts a coastal area with a rocky shoreline and a relatively undeveloped, forested island, suggesting a landscape dominated by natural vegetation and limited human development. Small, rocky islands are visible offshore within a deep blue ocean.","This satellite image shows a coastal region with a rugged, forested mainland bordering a deep ocean, featuring several small, vegetated islands scattered offshore. The coastline exhibits a distinct, irregular shape with visible sandy or light-colored beaches along its edge."
154367.png,synth,0,0,4,78,0,18,0,"The image depicts a landscape dominated by cultivated crops (78%), interspersed with areas of barren land (18%) and a small patch of grass (4%). A linear feature, likely a road or irrigation channel, traverses the central portion of the scene.","The scene depicts a predominantly agricultural landscape, where vast, geometric crop fields dominate 78% of the area, interspersed with smaller patches of barren land (18%) and sparse grass (4%), suggesting organized farming in a semi-arid or dry environment.","The scene is predominantly agricultural, with 78% of the area covered by crops, indicating a major crop cultivation zone. Grass covers a small portion, and 18% is barren land, suggesting limited natural vegetation or degraded areas.","This image depicts a vast, arid landscape dominated by sand dunes and rocky terrain, likely in a desert environment. A narrow, linear feature, possibly a road or wash, cuts through the dunes, suggesting some level of human activity and access within this otherwise untouched area.","This remote sensing image shows an arid or semi-arid landscape dominated by dry, cracked earth and sparse vegetation, with a winding riverbed or dry creek cutting through the terrain, suggesting a desert or steppe environment with limited water resources."
68101.png,synth,46,2,4,0,0,1,47,"The image depicts a coastal area dominated by dense tree cover (46%) transitioning to a shoreline with exposed, barren land and a narrow strip of sand, adjacent to a large body of water (47%). The landscape shows a significant presence of vegetation alongside the ocean.","The scene depicts a coastal region where water dominates nearly half the area, bordered by a narrow, densely vegetated landmass primarily covered in trees (46%), with smaller patches of grass and sparse shrubbery, and a small barren area near the shoreline.","The scene is predominantly forested, with trees covering 46% of the area, and a significant portion (47%) consisting of water, indicating a landscape dominated by wetland or riparian forest features.","This image shows a coastal region dominated by dense, green forest vegetation meeting a sandy shoreline and a prominent, light-colored river delta extending into the ocean. The area appears to be characterized by a significant transition between land and sea, with a substantial river system shaping the landscape.","This satellite image shows a rugged coastal region where dense green forests cover much of the land, contrasted by a narrow, developed coastal strip with visible infrastructure and roads hugging the shoreline. The deep blue ocean curves around the peninsula, with lighter turquoise waters indicating shallow coastal zones."
72580.png,synth,0,0,51,43,0,6,0,"The image depicts an area dominated by cultivated crops (43%) interspersed with significant areas of grassland (51%), while a small portion (6%) appears barren. A linear feature, likely a canal or irrigation channel, traverses the landscape, suggesting agricultural activity in a semi-arid environment.","The scene shows a predominantly agricultural landscape, with grass covering nearly half the area and crop fields dominating the rest, interspersed with small patches of barren land along ridges and in degraded zones.","The scene is primarily dominated by grassland, covering 51% of the area, with a significant portion dedicated to crop cultivation at 43%. Barren land makes up a small fraction at 6%.","This remote sensing image depicts a dry, arid landscape with extensive agricultural fields (likely irrigation) carved into a steep, rocky hillside, suggesting a region where water resources are carefully managed for crop production. The presence of drainage channels indicates significant erosion and runoff patterns within the terrain.","This remote sensing image shows a dry, arid landscape with terraced agricultural fields carved into a sloping hillside, indicating intensive land use for farming in a semi-arid region. A winding river or stream cuts through the terrain, providing a vital water source, while the surrounding terrain features sparse vegetation and visible erosion patterns."
248125.png,synth,7,0,6,85,0,2,0,"The image depicts a landscape dominated by agricultural fields (85%) interspersed with small patches of grass (6%) and scattered trees (7%). A prominent river channel cuts through the area, with a small portion of barren land (2%) visible along its banks.","The scene is dominated by extensive, patchwork crop fields (85%), interspersed with narrow strips of grass and sparse tree cover, with a winding river cutting through the landscape and small barren areas visible along the edges.","The scene is predominantly agricultural, with 85% coverage of crops, indicating a large-scale farming area. Small patches of grass and trees, along with a minor barren zone, suggest limited natural vegetation or land degradation.","The image depicts a landscape dominated by agricultural fields, likely for crop cultivation, alongside a meandering river and a network of roads. The area appears to be characterized by rolling hills and a mix of cultivated land and natural terrain.","This satellite image shows a patchwork of agricultural fields in a rural landscape, characterized by varied crop types and soil colors, with a winding river or stream cutting through the terrain and a network of roads connecting scattered settlements."
179710.png,synth,0,0,0,26,0,74,0,"The image depicts a landscape dominated by barren terrain (74%), with scattered areas of cultivated crop (26%). The terrain appears to exhibit some topographic variation, indicated by subtle linear features within the barren areas.","The scene is dominated by barren land (74%), appearing as a patchwork of textured, earthy tones with irregular, fragmented shapes, interspersed with smaller areas of crop land (26%) that form subtle, contrasting patterns across the landscape.","The scene is predominantly barren, covering 74% of the area, with only 26% designated for crop production. This indicates a landscape dominated by non-agricultural land use, such as desert, rocky terrain, or sparse vegetation.","This image depicts a heavily eroded, arid landscape with extensive gullies and ridges, suggesting a region with sparse vegetation and likely limited agricultural potential. The dominant color and terrain features indicate a sedimentary or rocky environment, possibly a desert or semi-desert area.","This remote sensing image depicts a semi-arid or arid landscape dominated by sparse vegetation and rugged topography, with visible drainage patterns suggesting a dry riverbed or wadi system cutting through the terrain. The muted, earth-toned palette indicates low vegetation cover and possibly rocky or sandy soils, characteristic of a desert or steppe environment."
